"branch","url","sha","ahead","behind","contained","patch_equivalent_to_main","patch_check","last_activity","author","subject","changed_file_count","subsystems","name_family","classification","recommended_action","confidence","uncertainty"
"6042","https://github.com/KooshaPari/OmniRoute/tree/6042","1d7146deb2507ba12873e6b8b632a2962d4d9dce","4648","224","False","False","not-run","7/6/2026 10:40:14 PM","KooshaPari","test(ci): reconcile complexity gate","0","none","6042","duplicate","retain-one-tip;archive-duplicates-after-review","high","identical tip shared by: 6042, koosha/sidecar-provider-manifest-client"
"agent/pin-v4-oxlint","https://github.com/KooshaPari/OmniRoute/tree/agent%2Fpin-v4-oxlint","c358990c1a1859e1bb28591a5cd3474fc6859200","1","0","False","False","not-run","7/14/2026 4:25:56 PM","KooshaPari","ci: pin v4 oxlint version","0","none","pin-v4-oxlint","salvage","review-and-cherry-pick-to-fresh-main-branch","low","patch identity and subsystem scan incomplete"
"agent/recover-root-manifests","https://github.com/KooshaPari/OmniRoute/tree/agent%2Frecover-root-manifests","9008cb26a74554b3a5b0bb0e193acc6b3edb9b42","4597","224","False","False","not-run","7/14/2026 2:57:40 PM","KooshaPari","fix: recover root bootstrap manifests","0","none","recover-root-manifests","salvage","review-and-cherry-pick-to-fresh-main-branch","low","patch identity and subsystem scan incomplete"
"agent/ts7-migration","https://github.com/KooshaPari/OmniRoute/tree/agent%2Fts7-migration","d1b57f971338f5ffdf8b4b3a7238cea22e97f2d2","4981","224","False","False","not-run","7/14/2026 4:39:23 AM","KooshaPari","chore: adopt TypeScript 7 compiler","0","none","ts7-migration","salvage","review-and-cherry-pick-to-fresh-main-branch","low","patch identity and subsystem scan incomplete"
"chore/catch-harden-completion-cli","https://github.com/KooshaPari/OmniRoute/tree/chore%2Fcatch-harden-completion-cli","36a26be715399eef87a03fdaaa231b7bd8d63377","4758","224","False","False","not-run","7/7/2026 7:38:04 PM","KooshaPari","chore(cli): harden empty catches in completion.mjs with env-gated error logging","0","none","chore-catch-harden-completion-cli","salvage","review-and-cherry-pick-to-fresh-main-branch","low","patch identity and subsystem scan incomplete"
"chore/ts-nocheck-usage-tracking","https://github.com/KooshaPari/OmniRoute/tree/chore%2Fts-nocheck-usage-tracking","e1b8eea926566c95d53edd1fefad266a622923cd","4759","224","False","False","not-run","7/7/2026 7:58:27 PM","KooshaPari","chore(open-sse): remove vestigial @ts-nocheck from usageTracking.ts","0","none","chore-ts-nocheck-usage-tracking","salvage","review-and-cherry-pick-to-fresh-main-branch","low","patch identity and subsystem scan incomplete"
"ci/v4-journey-evidence-proof","https://github.com/KooshaPari/OmniRoute/tree/ci%2Fv4-journey-evidence-proof","0d352eee928e84b5833ffcbe89b93069157389e6","3","0","False","False","not-run","7/14/2026 4:32:50 PM","KooshaPari","ci: prove v4 journey evidence lifecycle","0","none","ci-journey-evidence-proof","salvage","review-and-cherry-pick-to-fresh-main-branch","low","patch identity and subsystem scan incomplete"
"codex/agent-auto-routing-audit","https://github.com/KooshaPari/OmniRoute/tree/codex%2Fagent-auto-routing-audit","4d80e0a6692eb22bbf667f5dfcb283a3d6817dfc","4976","224","False","False","not-run","7/13/2026 8:22:49 PM","KooshaPari","fix(auto): use p95 fallback in speed factors","0","none","agent-auto-routing-audit","salvage","review-and-cherry-pick-to-fresh-main-branch","low","patch identity and subsystem scan incomplete"
"codex/ai-assisted-issue-agents","https://github.com/KooshaPari/OmniRoute/tree/codex%2Fai-assisted-issue-agents","3980ced459c9fe8afbf49e3f4a0d33ec1571d5e5","4662","224","False","False","not-run","7/3/2026 2:48:35 PM","kooshapari","fix(dev): guard api key devices TRACE before Next","0","none","ai-assisted-issue-agents","salvage","review-and-cherry-pick-to-fresh-main-branch","low","patch identity and subsystem scan incomplete"
"codex/backend-failure-state","https://github.com/KooshaPari/OmniRoute/tree/codex%2Fbackend-failure-state","8d024e1f75c903c845756f8531b62c7b00474eba","4629","224","False","False","not-run","7/3/2026 2:42:10 AM","kooshapari","Rebaseline PR #6004 cognitive drift","0","none","backend-failure-state","salvage","review-and-cherry-pick-to-fresh-main-branch","low","patch identity and subsystem scan incomplete"
"codex/ci-test-masking-base","https://github.com/KooshaPari/OmniRoute/tree/codex%2Fci-test-masking-base","78cec67d4a8c34b2b02780ed33d726743eefefce","4996","224","False","False","not-run","7/14/2026 1:41:16 PM","KooshaPari","test(ci): make masking self-reference check hermetic","0","none","ci-test-masking-base","salvage","review-and-cherry-pick-to-fresh-main-branch","low","patch identity and subsystem scan incomplete"
"codex/cliproxy-model-mapping","https://github.com/KooshaPari/OmniRoute/tree/codex%2Fcliproxy-model-mapping","f6aa6515fe6d86be9aaff0cd4cdabcb3f1fe6520","4568","224","False","False","not-run","7/2/2026 7:30:03 PM","KooshaPari","feat: apply cliproxy model mappings in proxy dispatch","0","none","cliproxy-model-mapping","duplicate","retain-one-tip;archive-duplicates-after-review","high","identical tip shared by: codex/cliproxy-model-mapping, upstream-pr/codex/cliproxy-model-mapping"
"codex/model-latency-stats-api","https://github.com/KooshaPari/OmniRoute/tree/codex%2Fmodel-latency-stats-api","ae8dab1a35d548c3e6c3be4da0354cba14fcf495","4640","224","False","False","not-run","7/5/2026 2:14:54 AM","KooshaPari","docs(api): document model latency stats endpoint (#297)","0","none","model-latency-stats-api","salvage","review-and-cherry-pick-to-fresh-main-branch","low","patch identity and subsystem scan incomplete"
"codex/model-latency-stats-sort","https://github.com/KooshaPari/OmniRoute/tree/codex%2Fmodel-latency-stats-sort","abf5703df16933fcbf9a9f3f353e0c67258f89fc","4640","224","False","False","not-run","7/12/2026 5:32:24 PM","KooshaPari","feat(api): sort model latency stats","0","none","model-latency-stats-sort","salvage","review-and-cherry-pick-to-fresh-main-branch","low","patch identity and subsystem scan incomplete"
"codex/modepack-consistency","https://github.com/KooshaPari/OmniRoute/tree/codex%2Fmodepack-consistency","10a34ae40fc386b241ca94f0ac4a7ef4dd2b27e8","4638","224","False","False","not-run","7/12/2026 4:53:43 PM","KooshaPari","fix(routing): honor modePack weights in combo fallback ranking","0","none","modepack-consistency","salvage","review-and-cherry-pick-to-fresh-main-branch","low","patch identity and subsystem scan incomplete"
"codex/modepack-consistency-v2","https://github.com/KooshaPari/OmniRoute/tree/codex%2Fmodepack-consistency-v2","3c7212257101c27b0f73409ff22a5a6a8933a929","4964","224","False","False","not-run","7/12/2026 6:16:02 PM","KooshaPari","fix(routing): honor modePack weights in combo fallback ranking","0","none","modepack-consistency","salvage","review-and-cherry-pick-to-fresh-main-branch","low","patch identity and subsystem scan incomplete"
"codex/native-router-backend-plan","https://github.com/KooshaPari/OmniRoute/tree/codex%2Fnative-router-backend-plan","95cf1e867b5264fedd79d4460b2d80be0909e873","4629","224","False","False","not-run","7/3/2026 2:42:10 AM","kooshapari","Rebaseline PR #6005 cognitive drift","0","none","native-router-backend-plan","salvage","review-and-cherry-pick-to-fresh-main-branch","low","patch identity and subsystem scan incomplete"
"codex/omniroute-recovery-gates-20260704","https://github.com/KooshaPari/OmniRoute/tree/codex%2Fomniroute-recovery-gates-20260704","d5de65e56e73834560537fd46d5106ddf768e5c5","4677","224","False","False","not-run","7/4/2026 7:05:58 PM","KooshaPari","fix proxy assignment schema bootstrap","0","none","omniroute-recovery-gates","salvage","review-and-cherry-pick-to-fresh-main-branch","low","patch identity and subsystem scan incomplete"
"codex/provider-model-performance-snapshots","https://github.com/KooshaPari/OmniRoute/tree/codex%2Fprovider-model-performance-snapshots","26b5d2461d72b249eadb25807317c424bb17159b","4569","224","False","False","not-run","7/5/2026 2:14:57 AM","KooshaPari","docs(routing): define latency reliability routing policy (#298)","0","none","provider-model-performance-snapshots","salvage","review-and-cherry-pick-to-fresh-main-branch","low","patch identity and subsystem scan incomplete"
"codex/relay-observability-headers","https://github.com/KooshaPari/OmniRoute/tree/codex%2Frelay-observability-headers","2cfe0b9c25986ca1caff4bd438dc92b35928ffa0","4638","224","False","False","not-run","7/3/2026 9:36:22 PM","KooshaPari","feat: normalize relay routing observability headers","0","none","relay-observability-headers","duplicate","retain-one-tip;archive-duplicates-after-review","high","identical tip shared by: codex/relay-observability-headers, upstream-pr/codex/relay-observability-headers"
"codex/scoring-inspector-weight-source","https://github.com/KooshaPari/OmniRoute/tree/codex%2Fscoring-inspector-weight-source","1969ce353fce441d3b3ba5a1b9b0e0c875efdfe2","4976","224","False","False","not-run","7/13/2026 6:31:28 PM","KooshaPari","fix(inspector): report effective auto scoring weights","0","none","scoring-inspector-weight-source","salvage","review-and-cherry-pick-to-fresh-main-branch","low","patch identity and subsystem scan incomplete"
"codex/sse-comment-compat","https://github.com/KooshaPari/OmniRoute/tree/codex%2Fsse-comment-compat","fbe246f696f63f2744c5a3cb9cc04a7f76a89bf4","4976","224","False","False","not-run","7/13/2026 11:07:22 PM","KooshaPari","Use OpenAI chunks for early chat keepalives","0","none","sse-comment-compat","salvage","review-and-cherry-pick-to-fresh-main-branch","low","patch identity and subsystem scan incomplete"
"codex/vibeproxy-provider-preset","https://github.com/KooshaPari/OmniRoute/tree/codex%2Fvibeproxy-provider-preset","4243fac75d5585845d7596f26e612c34252cfe44","4638","224","False","False","not-run","7/3/2026 2:38:45 PM","KooshaPari","feat: add vibeproxy provider node preset","0","none","vibeproxy-provider-preset","duplicate","retain-one-tip;archive-duplicates-after-review","high","identical tip shared by: codex/vibeproxy-provider-preset, upstream-pr/codex/vibeproxy-provider-preset"
"docs/issue-router-rfcs","https://github.com/KooshaPari/OmniRoute/tree/docs%2Fissue-router-rfcs","1334c35b95e15f7aa92f0057ff774147f1d1efac","4547","224","False","False","not-run","7/4/2026 1:11:29 AM","KooshaPari","docs: add RFC frontmatter","0","none","docs-issue-router-rfcs","duplicate","retain-one-tip;archive-duplicates-after-review","high","identical tip shared by: docs/issue-router-rfcs, upstream-pr/docs/issue-router-rfcs"
"docs/phenotype-decision-inputs","https://github.com/KooshaPari/OmniRoute/tree/docs%2Fphenotype-decision-inputs","e3a8fec4280e448c5e9c536e45598934e72bbf2f","3","0","False","False","not-run","7/14/2026 4:09:08 PM","KooshaPari","docs: add Phenotype decision inputs","0","none","docs-phenotype-decision-inputs","salvage","review-and-cherry-pick-to-fresh-main-branch","low","patch identity and subsystem scan incomplete"
"docs/phenotype-journey-harness","https://github.com/KooshaPari/OmniRoute/tree/docs%2Fphenotype-journey-harness","95b82436206fc7eaa89257556914aa4618d08771","6","0","False","False","not-run","7/14/2026 4:28:26 PM","KooshaPari","chore: merge current main into journey harness","0","none","docs-phenotype-journey-harness","salvage","review-and-cherry-pick-to-fresh-main-branch","low","patch identity and subsystem scan incomplete"
"feat/in-flight-fixes-1783052951","https://github.com/KooshaPari/OmniRoute/tree/feat%2Fin-flight-fixes-1783052951","566ddd38bf52669e0f9da2f3cca894c05514bfca","3","177","False","False","not-run","7/3/2026 3:57:56 AM","Koosha Pari","chore(ts): silence baseUrl deprecation in open-sse tsconfig","80","core;docs;other;routing;tests","feat-in-flight-fixes","salvage","review-and-cherry-pick-to-fresh-main-branch","low","patch identity and subsystem scan incomplete"
"feat/l5-123-b10-otel-bridge-2026-06-21","https://github.com/KooshaPari/OmniRoute/tree/feat%2Fl5-123-b10-otel-bridge-2026-06-21","43dbaeab1c0946655fa2eff7f2da5f5ccae76779","4720","224","False","False","not-run","7/2/2026 4:13:28 PM","kooshapari","fix(ci): skip root npm jobs without package manifest","0","none","feat-l5-123-b10-otel-bridge","salvage","review-and-cherry-pick-to-fresh-main-branch","low","patch identity and subsystem scan incomplete"
"feat/native-container-runtimes-v2","https://github.com/KooshaPari/OmniRoute/tree/feat%2Fnative-container-runtimes-v2","38d206ea1dfeda28be372a7e57589c1f774a3110","5","125","False","False","not-run","7/7/2026 6:00:16 PM","KooshaPari","feat(sandbox): native Apple Container, WSL, OrbStack, Podman runtime support","43","ci;core;docs;other;routing;tests;tooling","feat-native-container-runtimes","salvage","review-and-cherry-pick-to-fresh-main-branch","low","patch identity and subsystem scan incomplete"
"feat/native-container-runtimes-v3","https://github.com/KooshaPari/OmniRoute/tree/feat%2Fnative-container-runtimes-v3","63ad4b8757fdb0e987a5a9096977fd19e50b78df","4785","224","False","False","not-run","7/9/2026 1:39:18 AM","KooshaPari","fix(docs): document SKILLS_SANDBOX_RUNTIME and drop unrelated env leftovers","0","none","feat-native-container-runtimes","salvage","review-and-cherry-pick-to-fresh-main-branch","low","patch identity and subsystem scan incomplete"
"feat/omni-foundation-2026-07-05","https://github.com/KooshaPari/OmniRoute/tree/feat%2Fomni-foundation-2026-07-05","dc3dd3860607ea3a96d0eff47b37b3ee5a0f7980","5","224","False","False","not-run","7/5/2026 1:01:13 AM","OmniRoute Rust Agent","docs(sessions): phenodag absorption PR status audit + foundation fix note","0","none","feat-omni-foundation","salvage","review-and-cherry-pick-to-fresh-main-branch","low","patch identity and subsystem scan incomplete"
"feat/open-sse-agent-index-6065-v2","https://github.com/KooshaPari/OmniRoute/tree/feat%2Fopen-sse-agent-index-6065-v2","36b6557aa31b2cd169dfe722b81d1c08d8e678c0","4545","224","False","False","not-run","7/3/2026 10:06:31 PM","KooshaPari","fix(open-sse): resolve 6 false-positive drift findings by extending the gate's allowlists","0","none","feat-open-sse-agent-index-6065","duplicate","retain-one-tip;archive-duplicates-after-review","high","identical tip shared by: feat/open-sse-agent-index-6065-v2, upstream-pr/feat/open-sse-agent-index-6065-v2"
"feat/port-pr-9999-latency-speed-mode","https://github.com/KooshaPari/OmniRoute/tree/feat%2Fport-pr-9999-latency-speed-mode","0ca10af534abc14feb237e5e07e9941f1026db20","4634","224","False","False","not-run","7/3/2026 2:27:51 AM","kooshapari","Rebaseline PR #6011 release drift","0","none","feat-port-pr-9999-latency-speed-mode","duplicate","retain-one-tip;archive-duplicates-after-review","high","identical tip shared by: feat/port-pr-9999-latency-speed-mode, pr-6011-latency-fresh"
"feat/pr1-extend-omni-core","https://github.com/KooshaPari/OmniRoute/tree/feat%2Fpr1-extend-omni-core","7d0cc5e8cef8a4f888d4b66428d5b8b4208514f2","50","224","False","False","not-run","7/10/2026 8:53:11 PM","KooshaPari","chore(work): 2026-07-10 pheno boundary [wip] -> [ok]","0","none","feat-pr1-extend-omni-core","salvage","review-and-cherry-pick-to-fresh-main-branch","low","patch identity and subsystem scan incomplete"
"feat/qgate-reusable-spectrum","https://github.com/KooshaPari/OmniRoute/tree/feat%2Fqgate-reusable-spectrum","7482deabc54e55fcd4fe23ba79c23ddfa8749fd4","0","206","True","False","tip-contained","7/2/2026 3:43:01 PM","KooshaPari","feat(qgate): add quality gate spectrum v2 + lcov threshold (60%) (#219)","0","none","feat-qgate-reusable-spectrum","superseded","archive-after-owner-review","high",""
"feat/router-eval-replay-gate","https://github.com/KooshaPari/OmniRoute/tree/feat%2Frouter-eval-replay-gate","c69d1a345ec903b9cfa4c8ba059cb23189e1499e","4","207","False","False","not-run","7/2/2026 7:49:10 PM","Koosha Pari","feat(router-eval): add retained gate trends","16","core;docs;other;tests;tooling","feat-router-eval-replay-gate","salvage","review-and-cherry-pick-to-fresh-main-branch","low","patch identity and subsystem scan incomplete"
"feat/router-eval-retained-trends","https://github.com/KooshaPari/OmniRoute/tree/feat%2Frouter-eval-retained-trends","e5519762bcb8a68ab9d22439e3ec1838ef6f1a30","5","195","False","False","not-run","7/2/2026 8:31:41 PM","Koosha Pari","fix(docs): sync i18n changelog mirrors","57","ci;core;docs;other;tests;tooling","feat-router-eval-retained-trends","salvage","review-and-cherry-pick-to-fresh-main-branch","low","patch identity and subsystem scan incomplete"
"feat/router-eval-retained-trends-refresh","https://github.com/KooshaPari/OmniRoute/tree/feat%2Frouter-eval-retained-trends-refresh","f3a7dbd1a4acc14f0ad5768bc31ff1e3940eab57","9","195","False","False","not-run","7/3/2026 3:30:41 AM","Koosha Pari","fix(ci): dedupe router eval DB replay","79","ci;core;docs;other;routing;tests;tooling","feat-router-eval-retained-trends-refresh","salvage","review-and-cherry-pick-to-fresh-main-branch","low","patch identity and subsystem scan incomplete"
"feat/signals2","https://github.com/KooshaPari/OmniRoute/tree/feat%2Fsignals2","98dd8df8ffb798c2ddd21e647cbf766d1df386de","1","148","False","False","not-run","7/4/2026 3:16:11 PM","KooshaPari","feat(signals): shutdown flag + signal kinds","2","other","feat-signals2","salvage","review-and-cherry-pick-to-fresh-main-branch","low","patch identity and subsystem scan incomplete"
"feat/svelte-hono-rewrite","https://github.com/KooshaPari/OmniRoute/tree/feat%2Fsvelte-hono-rewrite","a05e7833aa234fb8000bebb5fa1a7c99570e220f","8","195","False","False","not-run","7/4/2026 9:27:13 PM","Koosha Pari","docs(frontend-rewrite): finalize session docs - 00 decisions + 03 DAG + 05 issues + 06 tests","66","ci;core;docs;other;tests;tooling","feat-svelte-hono-rewrite","salvage","review-and-cherry-pick-to-fresh-main-branch","low","patch identity and subsystem scan incomplete"
"feat/v4-svelte-hono-monorepo","https://github.com/KooshaPari/OmniRoute/tree/feat%2Fv4-svelte-hono-monorepo","66de5c6af2f0aa60d837a7f1c1f0958da1314719","46","148","False","False","not-run","7/13/2026 3:44:44 PM","Koosha Pari","docs(proccompose): session 2026-07-12 results - SSE transport + stdio fixes","248","bff-v4;ci;desktop-v4;docs;other;tests;tooling;web-v4","feat-svelte-hono-monorepo","salvage","review-and-cherry-pick-to-fresh-main-branch","low","patch identity and subsystem scan incomplete"
"feat/6144-onboarding-id-redirect","https://github.com/KooshaPari/OmniRoute/tree/feat%2F6144-onboarding-id-redirect","16fa0ba69bec159b310cc369e778f5fba8fb8a7d","4583","224","False","False","not-run","7/5/2026 1:37:15 AM","KooshaPari","fix(dashboard): use connection.id (UUID) not connection.provider (category) in onboarding wizard href (issue #6144)","0","none","feat-6144-onboarding-id-redirect","salvage","review-and-cherry-pick-to-fresh-main-branch","low","patch identity and subsystem scan incomplete"
"feat-sveltekit-dashboard","https://github.com/KooshaPari/OmniRoute/tree/feat-sveltekit-dashboard","f32e4532d18f5f4a495fe83e3d6f91c8fb167cc2","5","207","False","False","not-run","7/2/2026 9:26:35 PM","Koosha Pari","feat(dashboard): SvelteKit+Hono Phase 1 scaffold — Next.js replacement","32","core;docs;other;tests;tooling","feat-sveltekit-dashboard","salvage","review-and-cherry-pick-to-fresh-main-branch","low","patch identity and subsystem scan incomplete"
"fix/caddy-lb-policy-forwarded-headers","https://github.com/KooshaPari/OmniRoute/tree/fix%2Fcaddy-lb-policy-forwarded-headers","f4d439d6eb9c13b9656ef6def035628d481b07fc","4700","148","False","False","not-run","7/6/2026 6:03:52 PM","KooshaPari","fix(bifrost): resolve model cache and kill switch merge conflict","62","ci;core;docs;other;routing;tests","fix-caddy-lb-policy-forwarded-headers","salvage","review-and-cherry-pick-to-fresh-main-branch","low","patch identity and subsystem scan incomplete"
"fix/caddy-lb-policy-forwarded-headers-pr295","https://github.com/KooshaPari/OmniRoute/tree/fix%2Fcaddy-lb-policy-forwarded-headers-pr295","b334212708af0d060ed107573acf0ae6c603d129","4693","122","False","False","not-run","7/5/2026 8:07:35 PM","KooshaPari","Merge remote-tracking branch 'origin/main' into fix/caddy-lb-policy-forwarded-headers-pr295","53","ci;core;docs;other;routing;tests","fix-caddy-lb-policy-forwarded-headers-pr295","salvage","review-and-cherry-pick-to-fresh-main-branch","low","patch identity and subsystem scan incomplete"
"fix/docs-sync-openapi-path-2026-07-05","https://github.com/KooshaPari/OmniRoute/tree/fix%2Fdocs-sync-openapi-path-2026-07-05","80feecac0e7b28400688039911032dac0091a352","0","148","True","False","tip-contained","7/2/2026 11:46:14 PM","KooshaPari","perf(db): batch/memoize combo-path DB lookups (N+1 elimination) (#285)","0","none","fix-docs-sync-openapi-path","superseded","archive-after-owner-review","high",""
"fix/main-workflow-schema-2","https://github.com/KooshaPari/OmniRoute/tree/fix%2Fmain-workflow-schema-2","3f19fce0466c2940856a687b4fd3d7a393c780db","3","186","False","False","not-run","7/3/2026 1:53:53 AM","Koosha Pari","ci: fix docs and build gates","53","ci;core;docs;other;routing","fix-main-workflow-schema","salvage","review-and-cherry-pick-to-fresh-main-branch","low","patch identity and subsystem scan incomplete"
"fix/omniroute-auto-passthrough-404","https://github.com/KooshaPari/OmniRoute/tree/fix%2Fomniroute-auto-passthrough-404","80feecac0e7b28400688039911032dac0091a352","0","148","True","False","tip-contained","7/2/2026 11:46:14 PM","KooshaPari","perf(db): batch/memoize combo-path DB lookups (N+1 elimination) (#285)","0","none","fix-omniroute-auto-passthrough","superseded","archive-after-owner-review","high",""
"fix/pr-5804-minimax-m3-replay","https://github.com/KooshaPari/OmniRoute/tree/fix%2Fpr-5804-minimax-m3-replay","478b77d4117ecefe491b3e996197916f345596db","4625","224","False","False","not-run","7/2/2026 9:42:11 PM","Diego Rodrigues de Sa e Souza","feat(minimax): extract M3 <think> to reasoning_content on OpenAI-format tiers","0","none","fix-pr-5804-minimax-m3-replay","salvage","review-and-cherry-pick-to-fresh-main-branch","low","patch identity and subsystem scan incomplete"
"fix/pr-6002-replay","https://github.com/KooshaPari/OmniRoute/tree/fix%2Fpr-6002-replay","80797e49410fed3dcf76610f86d4b5164b5fad8e","4658","224","False","False","not-run","7/3/2026 3:14:15 PM","kooshapari","fix(ci): replay shared gates and embedding edges","0","none","fix-pr-6002-replay","salvage","review-and-cherry-pick-to-fresh-main-branch","low","patch identity and subsystem scan incomplete"
"fix/pr-6004-replay","https://github.com/KooshaPari/OmniRoute/tree/fix%2Fpr-6004-replay","6ac54109763b37d96b0a2b1fbc60f32aff9c5ad0","4642","224","False","False","not-run","7/3/2026 3:24:02 PM","kooshapari","fix(ci): harden auggie executor and shared gates","0","none","fix-pr-6004-replay","salvage","review-and-cherry-pick-to-fresh-main-branch","low","patch identity and subsystem scan incomplete"
"fix/pr-6005-replay","https://github.com/KooshaPari/OmniRoute/tree/fix%2Fpr-6005-replay","bf00797f899df2a581f2127cb5c8568005b02eaa","4639","224","False","False","not-run","7/3/2026 3:29:32 PM","kooshapari","fix(ci): backport shared gate guards","0","none","fix-pr-6005-replay","salvage","review-and-cherry-pick-to-fresh-main-branch","low","patch identity and subsystem scan incomplete"
"fix/pr-6042-replay","https://github.com/KooshaPari/OmniRoute/tree/fix%2Fpr-6042-replay","67d6a02d61d3e5e80f7e394ed7c0e74877b8f06f","4641","224","False","False","not-run","7/3/2026 4:32:20 PM","kooshapari","fix(ci): rebaseline file-size ratchet for PR 6083 replay","0","none","fix-pr-6042-replay","salvage","review-and-cherry-pick-to-fresh-main-branch","low","patch identity and subsystem scan incomplete"
"fix/probe-failed-loop-cycle-breaker","https://github.com/KooshaPari/OmniRoute/tree/fix%2Fprobe-failed-loop-cycle-breaker","9e736808031be99c66944b993a8d7e29898f8034","4818","224","False","False","not-run","7/10/2026 10:42:23 AM","Koosha Pari","fix(db): break probe-failed/restore loop on large storage.sqlite","0","none","fix-probe-failed-loop-cycle-breaker","salvage","review-and-cherry-pick-to-fresh-main-branch","low","patch identity and subsystem scan incomplete"
"fix/probe-failed-restore-loop","https://github.com/KooshaPari/OmniRoute/tree/fix%2Fprobe-failed-restore-loop","adf9b49488e16489fb0a6fef8a0609ad711a74f2","4551","224","False","False","not-run","7/7/2026 10:24:12 PM","KooshaPari","fix(db): break probe-failed/restore loop that hangs server startup on sql.js OOM","0","none","fix-probe-failed-restore-loop","salvage","review-and-cherry-pick-to-fresh-main-branch","low","patch identity and subsystem scan incomplete"
"fix/quality-dead-code-baseline-4436","https://github.com/KooshaPari/OmniRoute/tree/fix%2Fquality-dead-code-baseline-4436","0b17bc7cc89278c25eeeaab04b6c79add229f01d","4519","224","False","False","not-run","7/4/2026 9:39:19 PM","Koosha Pari","feat(omniroute-go): Phase 0+1 foundation - Go rewrite of backend proxy","0","none","fix-quality-dead-code-baseline","salvage","review-and-cherry-pick-to-fresh-main-branch","low","patch identity and subsystem scan incomplete"
"fix/router-eval-retained-optimization-gate-clean","https://github.com/KooshaPari/OmniRoute/tree/fix%2Frouter-eval-retained-optimization-gate-clean","fb14b9fd2f5eba470c045c99ae393a21c68baf2a","4685","224","False","False","not-run","7/3/2026 3:20:15 PM","KooshaPari","Merge remote-tracking branch 'origin/release/v3.8.44' into fix/router-eval-retained-optimization-gate-clean","0","none","fix-router-eval-retained-optimization-gate-clean","salvage","review-and-cherry-pick-to-fresh-main-branch","low","patch identity and subsystem scan incomplete"
"fix/vitest-blockers","https://github.com/KooshaPari/OmniRoute/tree/fix%2Fvitest-blockers","d3fd047cbd4c2369ddc296823b41990fb5847db2","0","201","True","False","tip-contained","7/2/2026 4:01:18 PM","KooshaPari","refactor(executors): extract stripVersionedToolModelPrefix leaf (PR-016) (#225)","0","none","fix-vitest-blockers","superseded","archive-after-owner-review","high",""
"fix/429-cascade-persist-and-monthly-quota","https://github.com/KooshaPari/OmniRoute/tree/fix%2F429-cascade-persist-and-monthly-quota","535c8927c073c267c350dced6168f6c4516d2642","4686","224","False","False","not-run","7/4/2026 5:04:16 PM","KooshaPari","fix(cors): use locale comparator for allowed origins","0","none","fix-429-cascade-persist-and-monthly-quota","salvage","review-and-cherry-pick-to-fresh-main-branch","low","patch identity and subsystem scan incomplete"
"fix/5211-mcp-internal-auth","https://github.com/KooshaPari/OmniRoute/tree/fix%2F5211-mcp-internal-auth","a59f05f114da937269ee812167f64f68cb9f470d","4535","224","False","False","not-run","6/28/2026 8:56:12 AM","Koosha Pari","chore(mcp): keep server file-size ratchet green","0","none","fix-5211-mcp-internal-auth","salvage","review-and-cherry-pick-to-fresh-main-branch","low","patch identity and subsystem scan incomplete"
"fix/5269-tool-search-upstream","https://github.com/KooshaPari/OmniRoute/tree/fix%2F5269-tool-search-upstream","ed40ca21d60fed4fc81251cea410c3ce79870bae","4728","224","False","False","not-run","7/2/2026 10:02:21 PM","kooshapari","fix(ci): normalize provider user-agent platform tuples","0","none","fix-5269-tool-search-upstream","salvage","review-and-cherry-pick-to-fresh-main-branch","low","patch identity and subsystem scan incomplete"
"fix/5483-openai-compatible-responses-tools","https://github.com/KooshaPari/OmniRoute/tree/fix%2F5483-openai-compatible-responses-tools","1ad3ea3666d49a435d3e439c3b5389c8aacc2c89","4539","224","False","False","not-run","7/4/2026 10:49:33 PM","KooshaPari","docs(audit): backend rewrite audit, research, and plan","0","none","fix-5483-openai-compatible-responses-tools","salvage","review-and-cherry-pick-to-fresh-main-branch","low","patch identity and subsystem scan incomplete"
"fix/5610-glm-5-system-role","https://github.com/KooshaPari/OmniRoute/tree/fix%2F5610-glm-5-system-role","f5cba58193a7e4e2013ff7a57b820189eb8b8162","4544","224","False","False","not-run","7/1/2026 10:56:49 PM","Koosha Pari","fix: preserve system role for GLM 5.x models","0","none","fix-5610-glm-5-system-role","salvage","review-and-cherry-pick-to-fresh-main-branch","low","patch identity and subsystem scan incomplete"
"fix/5696-router-capability-filter","https://github.com/KooshaPari/OmniRoute/tree/fix%2F5696-router-capability-filter","a726b090e82f203d08aed2d37307f0ba800d08c8","4542","224","False","False","not-run","7/3/2026 3:11:32 AM","KooshaPari","fix(combo): reject unsupported modality requests","0","none","fix-5696-router-capability-filter","salvage","review-and-cherry-pick-to-fresh-main-branch","low","patch identity and subsystem scan incomplete"
"fix/5902-ci-upstream-main","https://github.com/KooshaPari/OmniRoute/tree/fix%2F5902-ci-upstream-main","2e1487858ebc1af73e29e2ab0e909210753d1335","4537","224","False","False","not-run","7/2/2026 12:15:54 AM","Koosha Pari","fix: preserve codex bare image model over combo shadowing","0","none","fix-5902-ci-upstream-main","salvage","review-and-cherry-pick-to-fresh-main-branch","low","patch identity and subsystem scan incomplete"
"fix/5956-cline-response-envelope","https://github.com/KooshaPari/OmniRoute/tree/fix%2F5956-cline-response-envelope","84ac95ab12f9e8635f331aaa96357235d25b92be","4644","224","False","False","not-run","7/3/2026 4:40:10 AM","KooshaPari","Merge remote-tracking branch 'origin/release/v3.8.44' into pr-6046","0","none","fix-5956-cline-response-envelope","salvage","review-and-cherry-pick-to-fresh-main-branch","low","patch identity and subsystem scan incomplete"
"fix/5973-nonjson-ci-rescue","https://github.com/KooshaPari/OmniRoute/tree/fix%2F5973-nonjson-ci-rescue","6370b56ef63bfd083e5f027ff824467a69398811","4540","224","False","False","not-run","7/2/2026 7:27:04 PM","Koosha Pari","test: split responses local shell coverage","0","none","fix-5973-nonjson-ci-rescue","salvage","review-and-cherry-pick-to-fresh-main-branch","low","patch identity and subsystem scan incomplete"
"fix/5974-retry-after-ci-rescue","https://github.com/KooshaPari/OmniRoute/tree/fix%2F5974-retry-after-ci-rescue","71dcf6c872daaf25a2f0a66c08bb2dcca27c2545","4540","224","False","False","not-run","7/2/2026 4:59:44 PM","Koosha Pari","fix: clear retry-after JSON CI gates","0","none","fix-5974-retry-after-ci-rescue","salvage","review-and-cherry-pick-to-fresh-main-branch","low","patch identity and subsystem scan incomplete"
"fix/5976-complexity-rescue","https://github.com/KooshaPari/OmniRoute/tree/fix%2F5976-complexity-rescue","1dab46c96d5e16fbb56d365d16d8c5efd78515ce","4630","224","False","False","not-run","7/2/2026 9:52:55 PM","Koosha Pari","ci: rebaseline quota PR against release","0","none","fix-5976-complexity-rescue","salvage","review-and-cherry-pick-to-fresh-main-branch","low","patch identity and subsystem scan incomplete"
"fix/5976-quota-ci-rescue","https://github.com/KooshaPari/OmniRoute/tree/fix%2F5976-quota-ci-rescue","dbe25438ae0df94f2f650a0206246bfdb707bf26","4565","224","False","False","not-run","7/2/2026 4:18:16 PM","Koosha Pari","fix: clear quota fallback CI gates","0","none","fix-5976-quota-ci-rescue","salvage","review-and-cherry-pick-to-fresh-main-branch","low","patch identity and subsystem scan incomplete"
"fix/6022-decision-trace","https://github.com/KooshaPari/OmniRoute/tree/fix%2F6022-decision-trace","8c47760a98d3eb51c2d1d4bfd935314f2b5a399c","4541","224","False","False","not-run","7/3/2026 2:27:27 AM","KooshaPari","feat(combo): add decision trace header","0","none","fix-6022-decision-trace","salvage","review-and-cherry-pick-to-fresh-main-branch","low","patch identity and subsystem scan incomplete"
"fix/6026-agentbridge-tool-result","https://github.com/KooshaPari/OmniRoute/tree/fix%2F6026-agentbridge-tool-result","eabcf828e78387ebc7eddda513fcc3dc787a76fc","4670","224","False","False","not-run","7/3/2026 2:38:49 PM","Diego Rodrigues de Sa e Souza","Merge remote-tracking branch 'origin/release/v3.8.44' into fix/6026-agentbridge-tool-result","0","none","fix-6026-agentbridge-tool-result","salvage","review-and-cherry-pick-to-fresh-main-branch","low","patch identity and subsystem scan incomplete"
"fix/6051-gitlab-tool-calls","https://github.com/KooshaPari/OmniRoute/tree/fix%2F6051-gitlab-tool-calls","f82d6fd32bd7632176a58f5370728fe06ea53b6b","4638","224","False","False","not-run","7/3/2026 4:15:15 AM","KooshaPari","fix(gitlab): emulate tool calls","0","none","fix-6051-gitlab-tool-calls","salvage","review-and-cherry-pick-to-fresh-main-branch","low","patch identity and subsystem scan incomplete"
"fix/6062-copilot-web-timeout","https://github.com/KooshaPari/OmniRoute/tree/fix%2F6062-copilot-web-timeout","f09732de6f46b65711669127a55fba1915766bf0","4537","224","False","False","not-run","7/3/2026 3:52:53 AM","KooshaPari","fix(auth): persist combo 429 cooldowns","0","none","fix-6062-copilot-web-timeout","salvage","review-and-cherry-pick-to-fresh-main-branch","low","patch identity and subsystem scan incomplete"
"fix/6711-review-validation","https://github.com/KooshaPari/OmniRoute/tree/fix%2F6711-review-validation","374b5c8a94008e31174afde18ca24a773044d8e0","4908","224","False","False","not-run","7/11/2026 8:56:32 PM","Diego Rodrigues de Sa e Souza","Merge branch 'release/v3.8.47' into fix/6711-review-validation","0","none","fix-6711-review-validation","salvage","review-and-cherry-pick-to-fresh-main-branch","low","patch identity and subsystem scan incomplete"
"koosha/accelerate-router-issue-agent-20260704","https://github.com/KooshaPari/OmniRoute/tree/koosha%2Faccelerate-router-issue-agent-20260704","623e0d5418947c07b194b8d911f8875c4da9cc75","4563","224","False","False","not-run","7/14/2026 4:03:25 PM","KooshaPari","feat(issue-agent): route recorded triage through chat","0","none","accelerate-router-issue-agent","salvage","review-and-cherry-pick-to-fresh-main-branch","low","patch identity and subsystem scan incomplete"
"koosha/bifrost-manifest-gate","https://github.com/KooshaPari/OmniRoute/tree/koosha%2Fbifrost-manifest-gate","50998be8ac0621d280013b7cf44934dc472ea6f0","4565","224","False","False","not-run","7/2/2026 1:53:38 PM","Diego Rodrigues de Sa e Souza","Merge remote-tracking branch 'origin/release/v3.8.44' into koosha/bifrost-manifest-gate","0","none","bifrost-manifest-gate","salvage","review-and-cherry-pick-to-fresh-main-branch","low","patch identity and subsystem scan incomplete"
"koosha/bun-build-pack-scripts","https://github.com/KooshaPari/OmniRoute/tree/koosha%2Fbun-build-pack-scripts","51f9fd4d7972559fa92a7464e37eef50674f126b","4538","224","False","False","not-run","6/30/2026 5:59:40 AM","KooshaPari","chore(bun): run node runtime check with bun","0","none","bun-build-pack-scripts","salvage","review-and-cherry-pick-to-fresh-main-branch","low","patch identity and subsystem scan incomplete"
"koosha/bun-ci-check-scripts","https://github.com/KooshaPari/OmniRoute/tree/koosha%2Fbun-ci-check-scripts","e8c367ca5f60ab42c52eaa983df8bd3c451b0f7e","4577","224","False","False","not-run","6/30/2026 11:06:24 AM","KooshaPari","chore(bun): run CI script checks with bun","0","none","bun-ci-check-scripts","salvage","review-and-cherry-pick-to-fresh-main-branch","low","patch identity and subsystem scan incomplete"
"koosha/bun-migration-clean","https://github.com/KooshaPari/OmniRoute/tree/koosha%2Fbun-migration-clean","e4ef0f3f112996a2e85a39727b0bbb1ecce64be7","4683","224","False","False","not-run","6/30/2026 3:20:05 AM","KooshaPari","fix(i18n): add missing sidebar gamification label","0","none","bun-migration-clean","salvage","review-and-cherry-pick-to-fresh-main-branch","low","patch identity and subsystem scan incomplete"
"koosha/bun-migration-finish","https://github.com/KooshaPari/OmniRoute/tree/koosha%2Fbun-migration-finish","d403b488d5f6690ae8c95660a1afa66ddef64dea","4672","224","False","False","not-run","6/30/2026 3:15:26 AM","KooshaPari","fix(i18n): add missing sidebar gamification label","0","none","bun-migration-finish","salvage","review-and-cherry-pick-to-fresh-main-branch","low","patch identity and subsystem scan incomplete"
"koosha/bun-pack-artifact-safe","https://github.com/KooshaPari/OmniRoute/tree/koosha%2Fbun-pack-artifact-safe","42c9b06b7bceea355181c672195e2ca72e217493","4578","224","False","False","not-run","6/30/2026 11:07:02 AM","KooshaPari","fix(build): make pack validator bun safe","0","none","bun-pack-artifact-safe","salvage","review-and-cherry-pick-to-fresh-main-branch","low","patch identity and subsystem scan incomplete"
"koosha/bun-script-entrypoints","https://github.com/KooshaPari/OmniRoute/tree/koosha%2Fbun-script-entrypoints","e2d991d5ef8dea03644200925cd0200bed1f6368","4576","224","False","False","not-run","6/30/2026 11:05:54 AM","KooshaPari","chore(bun): run validated ts scripts with bun","0","none","bun-script-entrypoints","salvage","review-and-cherry-pick-to-fresh-main-branch","low","patch identity and subsystem scan incomplete"
"koosha/ci-install-bun-runtime","https://github.com/KooshaPari/OmniRoute/tree/koosha%2Fci-install-bun-runtime","63647734ca4a8f71f6f77e2e41452981fe3bee01","4575","224","False","False","not-run","6/30/2026 11:04:46 AM","KooshaPari","chore(bun): add locked bun runtime dependency","0","none","ci-install-bun-runtime","salvage","review-and-cherry-pick-to-fresh-main-branch","low","patch identity and subsystem scan incomplete"
"koosha/consolidation-2026-07-14","https://github.com/KooshaPari/OmniRoute/tree/koosha%2Fconsolidation-2026-07-14","cbc8ecdd048ab99756cf170d8db65e11cbe80cde","2","89","False","False","not-run","7/14/2026 4:28:26 AM","KooshaPari","fix(tests): export BIFROST_TAG and restore cost analysis pricing","3","core;other;routing","consolidation","salvage","review-and-cherry-pick-to-fresh-main-branch","low","patch identity and subsystem scan incomplete"
"koosha/docs-relay-backend-contract","https://github.com/KooshaPari/OmniRoute/tree/koosha%2Fdocs-relay-backend-contract","ea6c3d97757b276ea121447e040efb31decc35b0","4537","224","False","False","not-run","6/30/2026 6:39:52 AM","KooshaPari","docs(relay): clarify backend routing contract","0","none","docs-relay-backend-contract","salvage","review-and-cherry-pick-to-fresh-main-branch","low","patch identity and subsystem scan incomplete"
"koosha/feat/authz-tailscale-cgnat","https://github.com/KooshaPari/OmniRoute/tree/koosha%2Ffeat%2Fauthz-tailscale-cgnat","ffc3b0c30ea1eb94e30e0b49f8f0b6df2c0415a7","4568","224","False","False","not-run","6/24/2026 5:38:07 PM","Koosha Pari","chore(test-discovery): move route-guard-tailscale.test.ts under authz/","0","none","feat-authz-tailscale-cgnat","salvage","review-and-cherry-pick-to-fresh-main-branch","low","patch identity and subsystem scan incomplete"
"koosha/feat/factory-droid-provider","https://github.com/KooshaPari/OmniRoute/tree/koosha%2Ffeat%2Ffactory-droid-provider","504b8e3d7090098bba3eb005a03aacce25096407","4575","224","False","False","not-run","6/26/2026 6:35:48 PM","KooshaPari","test(providers): add Factory registry test + fix env-doc-sync (Rule #18)","0","none","feat-factory-droid-provider","salvage","review-and-cherry-pick-to-fresh-main-branch","low","patch identity and subsystem scan incomplete"
"koosha/feat/live-ws-lan-allowlist","https://github.com/KooshaPari/OmniRoute/tree/koosha%2Ffeat%2Flive-ws-lan-allowlist","112d1235a04a17a2f8366ef68993f9c80ac8959a","4579","224","False","False","not-run","6/23/2026 7:21:38 PM","Koosha Pari","fix(combo-api): apply standardized COMBO_003 error shape to POST collection route","0","none","feat-live-ws-lan-allowlist","salvage","review-and-cherry-pick-to-fresh-main-branch","low","patch identity and subsystem scan incomplete"
"koosha/feat/observability-auto-instrument","https://github.com/KooshaPari/OmniRoute/tree/koosha%2Ffeat%2Fobservability-auto-instrument","2e7188a4d777443aa82af31b2a07730248496958","4567","224","False","False","not-run","6/24/2026 8:29:00 PM","KooshaPari","feat(observability): auto-instrumentation for fetch/db/cache + Next.js proxy span","0","none","feat-observability-auto-instrument","salvage","review-and-cherry-pick-to-fresh-main-branch","low","patch identity and subsystem scan incomplete"
"koosha/feat/observability-otel-bootstrap","https://github.com/KooshaPari/OmniRoute/tree/koosha%2Ffeat%2Fobservability-otel-bootstrap","4f4b9f384db28d1e856bd1a1c4fdd0a092e62c91","4566","224","False","False","not-run","6/24/2026 6:06:55 PM","Koosha Pari","feat(observability): bootstrap OTel SDK + Prometheus metrics + Pino-style logger","0","none","feat-observability-otel-bootstrap","salvage","review-and-cherry-pick-to-fresh-main-branch","low","patch identity and subsystem scan incomplete"
"koosha/feat/perf-cache","https://github.com/KooshaPari/OmniRoute/tree/koosha%2Ffeat%2Fperf-cache","7dffdbf8f4752f6f678362834faaf59413b4088b","4597","224","False","False","not-run","6/25/2026 10:25:23 PM","KooshaPari","feat(cache): PR-036 multi-tier LRU cache + stampede protection","0","none","feat-perf-cache","salvage","review-and-cherry-pick-to-fresh-main-branch","low","patch identity and subsystem scan incomplete"
"koosha/feat/perf-query","https://github.com/KooshaPari/OmniRoute/tree/koosha%2Ffeat%2Fperf-query","29ca146704e2a41d6f7114fce0aa125ef74be1f3","4597","224","False","False","not-run","6/25/2026 9:15:40 PM","KooshaPari","feat(cache): PR-037 query-response cache + normalized cache key derivation","0","none","feat-perf-query","salvage","review-and-cherry-pick-to-fresh-main-branch","low","patch identity and subsystem scan incomplete"
"koosha/feat/perf-stream","https://github.com/KooshaPari/OmniRoute/tree/koosha%2Ffeat%2Fperf-stream","aa43b764c4559433d890cc931bc0571d4fe93d18","4597","224","False","False","not-run","6/25/2026 10:09:12 PM","KooshaPari","feat(streaming): PR-038 backpressure + coalescing + keepalive","0","none","feat-perf-stream","salvage","review-and-cherry-pick-to-fresh-main-branch","low","patch identity and subsystem scan incomplete"
"koosha/feat/sprint-pr006-traceparent","https://github.com/KooshaPari/OmniRoute/tree/koosha%2Ffeat%2Fsprint-pr006-traceparent","3c1904cb54f57fd5eeb53f2706479fcade8e9965","4566","224","False","False","not-run","6/24/2026 11:25:56 PM","KooshaPari","feat(observability): distributed W3C traceparent propagation + full OTel stack (PR-006)","0","none","feat-sprint-pr006-traceparent","salvage","review-and-cherry-pick-to-fresh-main-branch","low","patch identity and subsystem scan incomplete"
"koosha/feat/sprint-pr007-cost","https://github.com/KooshaPari/OmniRoute/tree/koosha%2Ffeat%2Fsprint-pr007-cost","8751e2f702b1159ad768f180d4a2e218c57cbfa9","4567","224","False","False","not-run","6/25/2026 3:13:21 AM","KooshaPari","feat(observability): per-tenant cost meters + quota gauges (PR-007 spec surface)","0","none","feat-sprint-pr007-cost","salvage","review-and-cherry-pick-to-fresh-main-branch","low","patch identity and subsystem scan incomplete"
"koosha/feat/sprint-pr008-alerts","https://github.com/KooshaPari/OmniRoute/tree/koosha%2Ffeat%2Fsprint-pr008-alerts","c1de1b4b4250b9a71810d67c4ba625ae1af86253","4566","224","False","False","not-run","6/25/2026 3:56:00 AM","KooshaPari","feat(observability): Prometheus alert rules + SLO definitions (PR-008)","0","none","feat-sprint-pr008-alerts","salvage","review-and-cherry-pick-to-fresh-main-branch","low","patch identity and subsystem scan incomplete"
"koosha/feat/sprint-pr009-health","https://github.com/KooshaPari/OmniRoute/tree/koosha%2Ffeat%2Fsprint-pr009-health","cd623adc147a0f6ed51b4a6b525cd156e97e79e3","4566","224","False","False","not-run","6/25/2026 3:54:07 AM","KooshaPari","feat(observability): /api/health deep checks + structured error codes (PR-009)","0","none","feat-sprint-pr009-health","salvage","review-and-cherry-pick-to-fresh-main-branch","low","patch identity and subsystem scan incomplete"
"koosha/feat/sprint-pr010-collector","https://github.com/KooshaPari/OmniRoute/tree/koosha%2Ffeat%2Fsprint-pr010-collector","d947ae0db6b64f8bc75a4ddc62f6b809c435d644","4566","224","False","False","not-run","6/25/2026 3:27:13 AM","KooshaPari","feat(observability): OpenTelemetry collector sidecar config (PR-010)","0","none","feat-sprint-pr010-collector","salvage","review-and-cherry-pick-to-fresh-main-branch","low","patch identity and subsystem scan incomplete"
"koosha/feat/sprint-pr011-sre","https://github.com/KooshaPari/OmniRoute/tree/koosha%2Ffeat%2Fsprint-pr011-sre","6acb14401e008b078725bce05066a3c45ba30db9","4525","224","False","False","not-run","6/26/2026 1:41:39 AM","Koosha Pari","feat(sre): SRE playbooks + ops scripts (PR-011)","0","none","feat-sprint-pr011-sre","salvage","review-and-cherry-pick-to-fresh-main-branch","low","patch identity and subsystem scan incomplete"
"koosha/feat/sprint-pr012-budget","https://github.com/KooshaPari/OmniRoute/tree/koosha%2Ffeat%2Fsprint-pr012-budget","eb9acc08e472d75f9bca1c4665f349c17d50946a","4525","224","False","False","not-run","6/25/2026 5:15:10 PM","Koosha Pari","feat(sre): error budget tracker + burn-rate alerts (PR-012)","0","none","feat-sprint-pr012-budget","salvage","review-and-cherry-pick-to-fresh-main-branch","low","patch identity and subsystem scan incomplete"
"koosha/feat/sprint-pr013-chaos","https://github.com/KooshaPari/OmniRoute/tree/koosha%2Ffeat%2Fsprint-pr013-chaos","f3dc82b2d831b60bc2dd455c4bfb0d42979d23c2","4525","224","False","False","not-run","6/25/2026 6:04:58 PM","Koosha Pari","feat(chaos): chaos engineering test suite + fault injection (PR-013)","0","none","feat-sprint-pr013-chaos","salvage","review-and-cherry-pick-to-fresh-main-branch","low","patch identity and subsystem scan incomplete"
"koosha/feat/sprint-pr014-deps","https://github.com/KooshaPari/OmniRoute/tree/koosha%2Ffeat%2Fsprint-pr014-deps","14e5b8082f587ac4ef83ea0e056eb6404afabbe6","4525","224","False","False","not-run","6/26/2026 1:54:44 AM","KooshaPari","feat(deps): automated dependency audit, renewal, and vulnerability gates (PR-014)","0","none","feat-sprint-pr014-deps","salvage","review-and-cherry-pick-to-fresh-main-branch","low","patch identity and subsystem scan incomplete"
"koosha/feat/sprint-pr015-sbom","https://github.com/KooshaPari/OmniRoute/tree/koosha%2Ffeat%2Fsprint-pr015-sbom","94f76950db5579dbb517ae280a02f7bbdde5a9c4","4525","224","False","False","not-run","6/25/2026 6:33:19 PM","Koosha Pari","feat(security): SBOM generation + supply chain attestation (PR-015)","0","none","feat-sprint-pr015-sbom","salvage","review-and-cherry-pick-to-fresh-main-branch","low","patch identity and subsystem scan incomplete"
"koosha/feat-provider-manifest-etag","https://github.com/KooshaPari/OmniRoute/tree/koosha%2Ffeat-provider-manifest-etag","95a4c8f0f4ecd9b8a0ad1bbb5e6dac050bcac645","4979","224","False","False","not-run","7/14/2026 12:51:18 AM","KooshaPari","docs(sidecar): describe manifest conditional refresh","0","none","feat-provider-manifest-etag","salvage","review-and-cherry-pick-to-fresh-main-branch","low","patch identity and subsystem scan incomplete"
"koosha/fix/codex-drop-local-shell","https://github.com/KooshaPari/OmniRoute/tree/koosha%2Ffix%2Fcodex-drop-local-shell","04e9c0252e9bc6ecd58cc5950b14bd625f71cf84","4663","224","False","False","not-run","6/28/2026 9:19:36 PM","KooshaPari","fix(codex): drop local_shell tool from Codex executor (#5251)","0","none","fix-codex-drop-local-shell","salvage","review-and-cherry-pick-to-fresh-main-branch","low","patch identity and subsystem scan incomplete"
"koosha/fix/combo-api-error-shape","https://github.com/KooshaPari/OmniRoute/tree/koosha%2Ffix%2Fcombo-api-error-shape","b7e1c1ae7d3797a5d0a52c4fdfcc827c30b3c243","4566","224","False","False","not-run","6/23/2026 5:24:34 PM","Koosha Pari","fix(combo-api): standardize 400 error shape + stable flow node IDs","0","none","fix-combo-api-error-shape","salvage","review-and-cherry-pick-to-fresh-main-branch","low","patch identity and subsystem scan incomplete"
"koosha/fix/combos-isactive-guard","https://github.com/KooshaPari/OmniRoute/tree/koosha%2Ffix%2Fcombos-isactive-guard","3bc0667d35b8369b85f6cd6038bf21443b65fc92","4595","224","False","False","not-run","6/24/2026 2:23:34 AM","KooshaPari","fix(combos): guard isActive toggle against partial-state 400","0","none","fix-combos-isactive-guard","salvage","review-and-cherry-pick-to-fresh-main-branch","low","patch identity and subsystem scan incomplete"
"koosha/fix/credential-cas-bifrost-mutex","https://github.com/KooshaPari/OmniRoute/tree/koosha%2Ffix%2Fcredential-cas-bifrost-mutex","368dc8caa6c3527cbfafe5b05f034d3f2d79ca1a","4662","224","False","False","not-run","6/28/2026 12:42:54 PM","KooshaPari","chore(v47): sustainment infra — pillar-checks.yml + alert.sh + push-scorecard.sh","0","none","fix-credential-cas-bifrost-mutex","salvage","review-and-cherry-pick-to-fresh-main-branch","low","patch identity and subsystem scan incomplete"
"koosha/fix-antigravity-gemini-test","https://github.com/KooshaPari/OmniRoute/tree/koosha%2Ffix-antigravity-gemini-test","30aa436800b7b458ffc2f61a8a61ee8f7b42128b","4962","224","False","False","not-run","7/13/2026 5:53:24 PM","KooshaPari","test(translator): align Antigravity Gemini thinking default","0","none","fix-antigravity-gemini-test","salvage","review-and-cherry-pick-to-fresh-main-branch","low","patch identity and subsystem scan incomplete"
"koosha/fix-batch-e2e-readiness","https://github.com/KooshaPari/OmniRoute/tree/koosha%2Ffix-batch-e2e-readiness","6fd9f08625169be679b2676016623961011a7069","4567","224","False","False","not-run","6/30/2026 10:51:10 AM","KooshaPari","fix(test): use lightweight health probe for batch e2e","0","none","fix-batch-e2e-readiness","salvage","review-and-cherry-pick-to-fresh-main-branch","low","patch identity and subsystem scan incomplete"
"koosha/fix-bifrost-stream-timeout","https://github.com/KooshaPari/OmniRoute/tree/koosha%2Ffix-bifrost-stream-timeout","49a0b5151aac6e0c0117acd350bea9ebf4d56c5d","4976","224","False","False","not-run","7/14/2026 1:14:28 AM","KooshaPari","fix(relay): bound Bifrost stream lifetime","0","none","fix-bifrost-stream-timeout","salvage","review-and-cherry-pick-to-fresh-main-branch","low","patch identity and subsystem scan incomplete"
"koosha/fix-codeql-stack-trace","https://github.com/KooshaPari/OmniRoute/tree/koosha%2Ffix-codeql-stack-trace","707530e640fa301ce6d0fc4c53674227afc1d5f6","4537","224","False","False","not-run","6/30/2026 6:39:53 AM","KooshaPari","fix(security): avoid rendering error stacks","0","none","fix-codeql-stack-trace","salvage","review-and-cherry-pick-to-fresh-main-branch","low","patch identity and subsystem scan incomplete"
"koosha/fix-local-service-route-guards","https://github.com/KooshaPari/OmniRoute/tree/koosha%2Ffix-local-service-route-guards","af217a4168345a5feb22e0727154166defc37e55","4545","224","False","False","not-run","6/30/2026 6:44:39 AM","KooshaPari","test(checks): cover Windows backslash path normalization (#5613)","0","none","fix-local-service-route-guards","salvage","review-and-cherry-pick-to-fresh-main-branch","low","patch identity and subsystem scan incomplete"
"koosha/fix-proxy-i18n-parity","https://github.com/KooshaPari/OmniRoute/tree/koosha%2Ffix-proxy-i18n-parity","3fd0824d70b12e45bf041c124c263ce867546f4d","4977","224","False","False","not-run","7/13/2026 6:00:49 PM","KooshaPari","fix(i18n): restore proxy registry key parity","0","none","fix-proxy-i18n-parity","salvage","review-and-cherry-pick-to-fresh-main-branch","low","patch identity and subsystem scan incomplete"
"koosha/fix-test-discovery-gemini","https://github.com/KooshaPari/OmniRoute/tree/koosha%2Ffix-test-discovery-gemini","42741eebfef0c69011f8c8bfd8230d98c2a6de9f","4976","224","False","False","not-run","7/13/2026 11:44:04 PM","KooshaPari","fix(ci): collect Gemini translator tests","0","none","fix-test-discovery-gemini","salvage","review-and-cherry-pick-to-fresh-main-branch","low","patch identity and subsystem scan incomplete"
"koosha/fix-test-masking-hermetic","https://github.com/KooshaPari/OmniRoute/tree/koosha%2Ffix-test-masking-hermetic","95772fdf35339159f163e38d32cd0adb160eb58b","4962","224","False","False","not-run","7/13/2026 5:58:31 PM","KooshaPari","test(ci): make masking self-reference check hermetic","0","none","fix-test-masking-hermetic","salvage","review-and-cherry-pick-to-fresh-main-branch","low","patch identity and subsystem scan incomplete"
"koosha/issue-agent-5980-reconciled-20260714","https://github.com/KooshaPari/OmniRoute/tree/koosha%2Fissue-agent-5980-reconciled-20260714","e6a63eb332db5fd865ce1acd7bdd56b1454d0ac3","4561","224","False","False","not-run","7/14/2026 3:32:35 PM","KooshaPari","fix: validate issue agent run requests","0","none","issue-agent-5980-reconciled","salvage","review-and-cherry-pick-to-fresh-main-branch","low","patch identity and subsystem scan incomplete"
"koosha/post-313-ci-fixes","https://github.com/KooshaPari/OmniRoute/tree/koosha%2Fpost-313-ci-fixes","45d2b6e3b5b55bb6a492ba0dfdf28c2b0c15e14d","1","73","False","False","not-run","7/14/2026 1:28:34 PM","KooshaPari","fix(test): align unit/vitest expectations with current APIs","11","core;tests","post-313-ci-fixes","salvage","review-and-cherry-pick-to-fresh-main-branch","low","patch identity and subsystem scan incomplete"
"koosha/provider-manifest-surface","https://github.com/KooshaPari/OmniRoute/tree/koosha%2Fprovider-manifest-surface","2c82778a4fa0ddc34d4da110da13c28788626b09","4636","224","False","False","not-run","7/2/2026 9:23:49 PM","KooshaPari","chore(stryker): register account-fallback-retry-after-json test (base-red)","0","none","provider-manifest-surface","salvage","review-and-cherry-pick-to-fresh-main-branch","low","patch identity and subsystem scan incomplete"
"koosha/provider-plugin-manifest","https://github.com/KooshaPari/OmniRoute/tree/koosha%2Fprovider-plugin-manifest","75e98455fc9097e8ace85c482120417be93fdba0","4536","224","False","False","not-run","7/2/2026 1:47:44 PM","KooshaPari","feat(providers): add sidecar plugin manifest","0","none","provider-plugin-manifest","salvage","review-and-cherry-pick-to-fresh-main-branch","low","patch identity and subsystem scan incomplete"
"koosha/refactor/bifrost-lazy-reader-cancel-status","https://github.com/KooshaPari/OmniRoute/tree/koosha%2Frefactor%2Fbifrost-lazy-reader-cancel-status","e333cd0100a75f3cfea279fbea1a86960187545d","4568","224","False","False","not-run","6/23/2026 10:19:14 PM","koosha","fix(combos): skip composite-tiers validation on non-graph PUT updates","0","none","refactor-bifrost-lazy-reader-cancel-status","salvage","review-and-cherry-pick-to-fresh-main-branch","low","patch identity and subsystem scan incomplete"
"koosha/refactor/l5-125-slim-v3","https://github.com/KooshaPari/OmniRoute/tree/koosha%2Frefactor%2Fl5-125-slim-v3","5bfa333f02b89f37e6623cd3dbdba28078c3bb9b","4575","224","False","False","not-run","6/23/2026 7:17:46 PM","Koosha Pari","refactor(constants): extract APIKEY_PROVIDERS (1,828 LOC) to co-located file on v3.8.36","0","none","refactor-l5-125-slim","salvage","review-and-cherry-pick-to-fresh-main-branch","low","patch identity and subsystem scan incomplete"
"koosha/sidecar-manifest-header","https://github.com/KooshaPari/OmniRoute/tree/koosha%2Fsidecar-manifest-header","6475b5a3c59fdbc74effc01906cb64ce80a1fdb4","4636","224","False","False","not-run","7/3/2026 2:36:39 AM","kooshapari","Rebaseline PR #6007 cognitive drift","0","none","sidecar-manifest-header","salvage","review-and-cherry-pick-to-fresh-main-branch","low","patch identity and subsystem scan incomplete"
"koosha/sidecar-provider-manifest-client","https://github.com/KooshaPari/OmniRoute/tree/koosha%2Fsidecar-provider-manifest-client","1d7146deb2507ba12873e6b8b632a2962d4d9dce","4648","224","False","False","not-run","7/6/2026 10:40:14 PM","KooshaPari","test(ci): reconcile complexity gate","0","none","sidecar-provider-manifest-client","duplicate","retain-one-tip;archive-duplicates-after-review","high","identical tip shared by: 6042, koosha/sidecar-provider-manifest-client"
"koosha/sidecar-provider-manifest-client-v3847","https://github.com/KooshaPari/OmniRoute/tree/koosha%2Fsidecar-provider-manifest-client-v3847","0849a874c70a2b04ade4709b91dd07894544904d","4978","224","False","False","not-run","7/13/2026 11:51:29 PM","KooshaPari","feat(sidecar): reuse cached provider manifests","0","none","sidecar-provider-manifest-client","salvage","review-and-cherry-pick-to-fresh-main-branch","low","patch identity and subsystem scan incomplete"
"koosha/step-1-bun-ts7-bifrost","https://github.com/KooshaPari/OmniRoute/tree/koosha%2Fstep-1-bun-ts7-bifrost","53e1ed7ccc544b6f45edde388165fc342a964f05","4519","224","False","False","not-run","6/25/2026 6:21:46 PM","KooshaPari","feat(step-1): full switch Next.js -> bun + ts7-native-preview + hono + bifrost HTTP sidecar + uv/py3.14","0","none","step-1-bun-ts7-bifrost","salvage","review-and-cherry-pick-to-fresh-main-branch","low","patch identity and subsystem scan incomplete"
"koosha/tsc-cleanup-durable","https://github.com/KooshaPari/OmniRoute/tree/koosha%2Ftsc-cleanup-durable","8a24a8148e276478ff4d8bec99327b6df9191294","4518","224","False","False","not-run","6/25/2026 5:27:44 PM","KooshaPari","wip: combos route WIP preserved at consolidation 20260625","0","none","tsc-cleanup-durable","salvage","review-and-cherry-pick-to-fresh-main-branch","low","patch identity and subsystem scan incomplete"
"koosha/upstream-backend-health-2026-06-21","https://github.com/KooshaPari/OmniRoute/tree/koosha%2Fupstream-backend-health-2026-06-21","2654b19f51f530db08921c35e521017b11969098","4533","224","False","False","not-run","6/22/2026 1:12:59 PM","KooshaPari","fix: reject invalid provider cooldown bounds","0","none","upstream-backend-health","salvage","review-and-cherry-pick-to-fresh-main-branch","low","patch identity and subsystem scan incomplete"
"koosha/upstream-concurrency-4580-2026-06-21","https://github.com/KooshaPari/OmniRoute/tree/koosha%2Fupstream-concurrency-4580-2026-06-21","e3e545615917090ff7b7886265a35e6d1e68b12c","4582","224","False","False","not-run","6/21/2026 5:13:07 PM","KooshaPari","fix: avoid direct dispatcher stream head-of-line blocking","0","none","upstream-concurrency","salvage","review-and-cherry-pick-to-fresh-main-branch","low","patch identity and subsystem scan incomplete"
"koosha/upstream-perf-observability-2026-06-21","https://github.com/KooshaPari/OmniRoute/tree/koosha%2Fupstream-perf-observability-2026-06-21","703285311333919c3c991b5bc37e7110be198475","4533","224","False","False","not-run","6/22/2026 1:13:05 PM","KooshaPari","fix: preserve production combo metrics on shadow eviction","0","none","upstream-perf-observability","salvage","review-and-cherry-pick-to-fresh-main-branch","low","patch identity and subsystem scan incomplete"
"koosha/upstream-quota-4540-2026-06-21","https://github.com/KooshaPari/OmniRoute/tree/koosha%2Fupstream-quota-4540-2026-06-21","a6222b14fe1f6a6f29dc6658dff17bc9f790cc01","4540","224","False","False","not-run","6/22/2026 1:32:10 PM","KooshaPari","fix: exclude exhausted connections from auto scoring","0","none","upstream-quota","salvage","review-and-cherry-pick-to-fresh-main-branch","low","patch identity and subsystem scan incomplete"
"koosha/upstream-routing-stability-2026-06-21","https://github.com/KooshaPari/OmniRoute/tree/koosha%2Fupstream-routing-stability-2026-06-21","3851b7998e7781ea86cd0ffc78ef2e552002a232","4533","224","False","False","not-run","6/22/2026 1:12:54 PM","KooshaPari","fix: retain provider cooldowns for configured max window","0","none","upstream-routing-stability","salvage","review-and-cherry-pick-to-fresh-main-branch","low","patch identity and subsystem scan incomplete"
"land/pr-025","https://github.com/KooshaPari/OmniRoute/tree/land%2Fpr-025","a91c2cdb49b26d1678ba3340b90f23c475918313","0","199","True","False","tip-contained","7/2/2026 4:07:58 PM","KooshaPari","refactor(chatcore): extract getUpstreamErrorIdentifier leaf (PR-020) (#227)","0","none","pr","superseded","archive-after-owner-review","high",""
"land-pr025","https://github.com/KooshaPari/OmniRoute/tree/land-pr025","e662c4c4ad01c04c8655961524af48b3b33e8653","0","198","True","False","tip-contained","7/2/2026 4:14:55 PM","KooshaPari","refactor(executors): extract reasoning-effort maps leaf (PR-014) (#228)","0","none","pr025","superseded","archive-after-owner-review","high",""
"main","https://github.com/KooshaPari/OmniRoute/tree/main","1dcbcb4ddc902f16e23bbb7d277f7d84f6802e01","0","0","True","False","tip-contained","7/14/2026 3:22:46 PM","KooshaPari","Align CI Bun version with v4 locks","0","none","main","base","retain","high",""
"merge/upstream-2026-06-28","https://github.com/KooshaPari/OmniRoute/tree/merge%2Fupstream-2026-06-28","d9287a03c5bca722b8db7833c623e5b229fab2fc","4665","224","False","False","not-run","6/28/2026 11:51:42 PM","Diego Rodrigues de Sa e Souza","chore(docker): harden base image against container-scan CVEs (#5228)","0","none","merge-upstream","archive","retain-as-read-only-donor","medium","patch identity and subsystem scan incomplete"
"merge/2026-07-04-consolidation","https://github.com/KooshaPari/OmniRoute/tree/merge%2F2026-07-04-consolidation","612465cff0d8c1556be723c1def2992a074a7bdd","32","131","False","False","not-run","7/5/2026 1:44:57 AM","KooshaPari","fix(consolidation): suppress dynamic @pheno-otel/tracing import and remove unnecessary prepare<T> generic","57","ci;core;docs;other;routing;tests;tooling","merge-2026-07-04-consolidation","archive","retain-as-read-only-donor","medium","patch identity and subsystem scan incomplete"
"omniroute/concurrency-hardening","https://github.com/KooshaPari/OmniRoute/tree/omniroute%2Fconcurrency-hardening","d20ed5e77728e2079e91de516c2a03e4bf69de6d","3333","224","False","False","not-run","5/28/2026 4:37:48 AM","Forge","chore(OmniRoute): add concurrency blocks to 6 remaining workflows","0","none","omniroute-concurrency-hardening","salvage","review-and-cherry-pick-to-fresh-main-branch","low","patch identity and subsystem scan incomplete"
"phase-0/fork-recon","https://github.com/KooshaPari/OmniRoute/tree/phase-0%2Ffork-recon","659c65f2cec1e287c2232b9ad9e9d79f96d64162","1","148","False","False","not-run","7/4/2026 10:01:20 PM","Koosha Pari","feat(backend-rust): scaffold v4 Rust workspace (core, storage, providers, pipeline, server, cli, sdk)","25","other","phase-0-fork-recon","archive","retain-as-read-only-donor","medium","patch identity and subsystem scan incomplete"
"port/bai-sidecar","https://github.com/KooshaPari/OmniRoute/tree/port%2Fbai-sidecar","33c90c581f01734306d4dd408327073d096cea77","1","186","False","False","not-run","7/2/2026 9:50:13 PM","Koosha Pari","feat(providers): add b.ai OpenAI-compatible provider (upstream #5969)","9","core;other;routing;tests","port-bai-sidecar","salvage","review-and-cherry-pick-to-fresh-main-branch","low","patch identity and subsystem scan incomplete"
"pr-001-compression-telemetry-wiring","https://github.com/KooshaPari/OmniRoute/tree/pr-001-compression-telemetry-wiring","82e1dcb56c01735c6c1ba99e8935659007e8a66d","4571","224","False","False","not-run","6/24/2026 10:17:55 PM","koosha","fix(combos): type-clean combos API surface","0","none","pr-001-compression-telemetry-wiring","salvage","review-and-cherry-pick-to-fresh-main-branch","low","patch identity and subsystem scan incomplete"
"pr-002-chatcore-resolve-executor-proxy","https://github.com/KooshaPari/OmniRoute/tree/pr-002-chatcore-resolve-executor-proxy","c20956f474dc3150685419d91d5c1250f1c793a4","4518","224","False","False","not-run","6/24/2026 11:00:05 PM","KooshaPari","refactor(chatcore): extract resolveExecutorWithProxy leaf from chatCore.ts (PR-002)","0","none","pr-002-chatcore-resolve-executor-proxy","salvage","review-and-cherry-pick-to-fresh-main-branch","low","patch identity and subsystem scan incomplete"
"pr-003-chatcore-wrap-readable-stream-finalize","https://github.com/KooshaPari/OmniRoute/tree/pr-003-chatcore-wrap-readable-stream-finalize","f1f7b71ddf13ba0ca47c31cac65966d164c8f3e0","4518","224","False","False","not-run","6/24/2026 11:16:58 PM","KooshaPari","refactor(chatcore): extract wrapReadableStreamWithFinalize leaf from chatCore.ts (PR-003)","0","none","pr-003-chatcore-wrap-readable-stream-finalize","salvage","review-and-cherry-pick-to-fresh-main-branch","low","patch identity and subsystem scan incomplete"
"pr-004-chatcore-token-time-helpers","https://github.com/KooshaPari/OmniRoute/tree/pr-004-chatcore-token-time-helpers","cc561805fa461c9edcf15e2f300edbfc830607e5","4518","224","False","False","not-run","6/25/2026 12:10:24 AM","KooshaPari","refactor(chatcore): extract isTokenExpiringSoon + error classifier helpers (PR-004)","0","none","pr-004-chatcore-token-time-helpers","salvage","review-and-cherry-pick-to-fresh-main-branch","low","patch identity and subsystem scan incomplete"
"pr-005-chatcore-usage-log-helpers","https://github.com/KooshaPari/OmniRoute/tree/pr-005-chatcore-usage-log-helpers","9c338bc793ba015053bb96c9aade2c4ea2eb5ad1","4518","224","False","False","not-run","6/25/2026 3:25:05 AM","KooshaPari","refactor(chatcore): extract usage-log helpers + fix Gemini cachedTokens bug (PR-005)","0","none","pr-005-chatcore-usage-log-helpers","salvage","review-and-cherry-pick-to-fresh-main-branch","low","patch identity and subsystem scan incomplete"
"pr-006-chatcore-credential-rotation-helpers","https://github.com/KooshaPari/OmniRoute/tree/pr-006-chatcore-credential-rotation-helpers","2acca261391c261d21fb20eea552b7f5a8aad181","4518","224","False","False","not-run","6/25/2026 3:30:04 AM","KooshaPari","refactor(chatcore): extract createStreamingErrorResult leaf (PR-006)","0","none","pr-006-chatcore-credential-rotation-helpers","salvage","review-and-cherry-pick-to-fresh-main-branch","low","patch identity and subsystem scan incomplete"
"pr-007-chatcore-request-shape","https://github.com/KooshaPari/OmniRoute/tree/pr-007-chatcore-request-shape","b5d85a1dd4d3936163abb1353a62dc0d05701e5d","4518","224","False","False","not-run","6/25/2026 3:39:21 AM","KooshaPari","refactor(chatcore): extract getSkillsProviderForFormat + getSkillsModelIdForFormat (PR-007)","0","none","pr-007-chatcore-request-shape","salvage","review-and-cherry-pick-to-fresh-main-branch","low","patch identity and subsystem scan incomplete"
"pr-008-chatcore-last-leaf","https://github.com/KooshaPari/OmniRoute/tree/pr-008-chatcore-last-leaf","0263f2a34631c2500cb939f264d01daa236d6b0d","4520","224","False","False","not-run","6/27/2026 4:57:25 AM","koosha","fix(combos): touchesGraph gate + 2 regression tests + consumer fixes","0","none","pr-008-chatcore-last-leaf","salvage","review-and-cherry-pick-to-fresh-main-branch","low","patch identity and subsystem scan incomplete"
"pr-008-chatcore-token-state","https://github.com/KooshaPari/OmniRoute/tree/pr-008-chatcore-token-state","0db202585d9ed4026553121f31b7c860e2e3f200","4518","224","False","False","not-run","6/25/2026 1:21:28 PM","KooshaPari","fix(combos): annotate getComboByName return type (TscClean)","0","none","pr-008-chatcore-token-state","salvage","review-and-cherry-pick-to-fresh-main-branch","low","patch identity and subsystem scan incomplete"
"pr-008-chatcore-wave-2-leaves","https://github.com/KooshaPari/OmniRoute/tree/pr-008-chatcore-wave-2-leaves","84e4bacf39572a4fa1be8c0d47582b35329cfaac","4659","224","False","False","not-run","6/25/2026 10:36:16 PM","KooshaPari","refactor(chatcore): extract last inline helper isTokenExpiringSoon (PR-008)","0","none","pr-008-chatcore-wave-2-leaves","salvage","review-and-cherry-pick-to-fresh-main-branch","low","patch identity and subsystem scan incomplete"
"pr-009-compression-studio-analytics","https://github.com/KooshaPari/OmniRoute/tree/pr-009-compression-studio-analytics","dd44b0a2503a44a145bf1f95db3953c7a5d7725e","4518","224","False","False","not-run","6/26/2026 12:47:05 AM","KooshaPari","feat(compression): Compression Studio + Per-Engine Analytics Breakdown (PR-009)","0","none","pr-009-compression-studio-analytics","salvage","review-and-cherry-pick-to-fresh-main-branch","low","patch identity and subsystem scan incomplete"
"pr-009-with-tests","https://github.com/KooshaPari/OmniRoute/tree/pr-009-with-tests","6cea8f2c4cc8131fc2ec44dd2dea4577b7fb9bb9","4519","224","False","False","not-run","6/26/2026 1:48:13 AM","KooshaPari","test(compression): add 49 unit tests for PR-009 Studio data layer (PR-009-followup)","0","none","pr-009-with-tests","salvage","review-and-cherry-pick-to-fresh-main-branch","low","patch identity and subsystem scan incomplete"
"pr-010-target-exhaustion-tests","https://github.com/KooshaPari/OmniRoute/tree/pr-010-target-exhaustion-tests","fac5f43e367fd4784e8ba9b9506246fae99d2fec","4581","224","False","False","not-run","6/28/2026 11:16:50 PM","KooshaPari","Merge remote-tracking branch 'origin/release/v3.8.40' into cf-5296","0","none","pr-010-target-exhaustion-tests","salvage","review-and-cherry-pick-to-fresh-main-branch","low","patch identity and subsystem scan incomplete"
"pr-012-user-agent-header-extraction","https://github.com/KooshaPari/OmniRoute/tree/pr-012-user-agent-header-extraction","9e57828f566d3a5d27e22bf8ae3850c200a94bfe","4718","224","False","False","not-run","7/2/2026 12:45:23 AM","KooshaPari","feat(v30-T1): C4 fleet inventory, contract tests CI, CycloneDX SBOM gen, lock hash check, SSOT drift cron (#121)","0","none","pr-012-user-agent-header-extraction","duplicate","retain-one-tip;archive-duplicates-after-review","high","identical tip shared by: pr-012-user-agent-header-extraction, rebase-144"
"pr-014-reasoning-effort-maps","https://github.com/KooshaPari/OmniRoute/tree/pr-014-reasoning-effort-maps","c735a0b52ac721fdcd3f80116220f8780cee5f9a","1","198","False","False","not-run","7/2/2026 4:22:19 PM","KooshaPari","refactor(executors): extract reasoning-effort maps leaf (PR-014)","1","routing","pr-014-reasoning-effort-maps","salvage","review-and-cherry-pick-to-fresh-main-branch","low","patch identity and subsystem scan incomplete"
"pr-024-claude-identity-tests","https://github.com/KooshaPari/OmniRoute/tree/pr-024-claude-identity-tests","667163061fb2b883f2f31512994d23313c2aafc5","4519","224","False","False","not-run","6/30/2026 12:25:53 AM","KooshaPari","test(executors): add claudeIdentity unit tests (PR-024)","0","none","pr-024-claude-identity-tests","salvage","review-and-cherry-pick-to-fresh-main-branch","low","patch identity and subsystem scan incomplete"
"pr-025-budget-forecast","https://github.com/KooshaPari/OmniRoute/tree/pr-025-budget-forecast","e47bc5f3de0224401cc848d63b745e3d7260e5f5","4677","224","False","False","not-run","6/30/2026 9:25:05 AM","KooshaPari","feat(api): /api/compression/budget/forecast route + 30+ tests (PR-026) (#167)","0","none","pr-025-budget-forecast","duplicate","retain-one-tip;archive-duplicates-after-review","high","identical tip shared by: pr-025-budget-forecast, rebase/pr-025-budget-forecast"
"pr-027-codex-payload-tests","https://github.com/KooshaPari/OmniRoute/tree/pr-027-codex-payload-tests","21f2640295478d948908cbb653ead5e23012308f","4678","224","False","False","not-run","6/30/2026 9:25:58 AM","KooshaPari","test(executors): add 40+ unit tests for codex request payload (PR-027)","0","none","pr-027-codex-payload-tests","duplicate","retain-one-tip;archive-duplicates-after-review","high","identical tip shared by: pr-027-codex-payload-tests, rebase/pr-027-codex-payload-tests"
"pr-5804-minimax-m3-replay","https://github.com/KooshaPari/OmniRoute/tree/pr-5804-minimax-m3-replay","b8939ca1cd60239358e3ee32a3ea7904bb62281f","4658","224","False","False","not-run","7/3/2026 12:00:20 PM","Diego Rodrigues de Sa e Souza","Merge release/v3.8.44 into pr-5804-minimax-m3-replay","0","none","pr-5804-minimax-m3-replay","salvage","review-and-cherry-pick-to-fresh-main-branch","low","patch identity and subsystem scan incomplete"
"pr-6011-latency-fresh","https://github.com/KooshaPari/OmniRoute/tree/pr-6011-latency-fresh","0ca10af534abc14feb237e5e07e9941f1026db20","4634","224","False","False","not-run","7/3/2026 2:27:51 AM","kooshapari","Rebaseline PR #6011 release drift","0","none","pr-6011-latency-fresh","duplicate","retain-one-tip;archive-duplicates-after-review","high","identical tip shared by: feat/port-pr-9999-latency-speed-mode, pr-6011-latency-fresh"
"qol/dashboard-combos-error-toast","https://github.com/KooshaPari/OmniRoute/tree/qol%2Fdashboard-combos-error-toast","064d67230f6ecc280aca850cb95267e031cf649e","4558","224","False","False","not-run","6/23/2026 7:58:02 PM","Koosha Pari","fix(dashboard): surface server error on toggle isActive failure (handleToggleCombo)","0","none","qol-dashboard-combos-error-toast","salvage","review-and-cherry-pick-to-fresh-main-branch","low","patch identity and subsystem scan incomplete"
"qol/dashboard-combos-toast-v2","https://github.com/KooshaPari/OmniRoute/tree/qol%2Fdashboard-combos-toast-v2","f7c36798560ddcafe54a174d078b81d748ef99e6","4658","224","False","False","not-run","6/25/2026 11:23:12 PM","Koosha Pari","fix(dashboard): surface server error on toggle isActive failure (handleToggleCombo)","0","none","qol-dashboard-combos-toast","salvage","review-and-cherry-pick-to-fresh-main-branch","low","patch identity and subsystem scan incomplete"
"rebase/pr-012","https://github.com/KooshaPari/OmniRoute/tree/rebase%2Fpr-012","92825af9fc112a1cc7abc5fd98fb808da4867207","0","207","True","False","tip-contained","7/2/2026 3:30:23 PM","KooshaPari","fix(db): renumber colliding migrations 108→120, 112→121 after upstream v3.8.43 merge (#213)","0","none","pr","superseded","archive-after-owner-review","high",""
"rebase/pr-014","https://github.com/KooshaPari/OmniRoute/tree/rebase%2Fpr-014","b4097bb85e6d650b1085b69b6e3132249fe15650","1","207","False","False","not-run","7/2/2026 3:52:24 PM","KooshaPari","refactor(executors): extract reasoning-effort maps leaf (PR-014)","2","routing","pr","salvage","review-and-cherry-pick-to-fresh-main-branch","low","patch identity and subsystem scan incomplete"
"rebase/pr-020-chatcore-getupstreamerroridentifier-extraction","https://github.com/KooshaPari/OmniRoute/tree/rebase%2Fpr-020-chatcore-getupstreamerroridentifier-extraction","8730d5b473da927fac2f8647ca684674596c5810","4678","224","False","False","not-run","6/30/2026 9:27:51 AM","KooshaPari","fix(test): remove pattern assertions to match actual GEMINI_UNSUPPORTED_SCHEMA_KEYS set","0","none","pr-020-chatcore-getupstreamerroridentifier-extraction","salvage","review-and-cherry-pick-to-fresh-main-branch","low","patch identity and subsystem scan incomplete"
"rebase/pr-025-budget-forecast","https://github.com/KooshaPari/OmniRoute/tree/rebase%2Fpr-025-budget-forecast","e47bc5f3de0224401cc848d63b745e3d7260e5f5","4677","224","False","False","not-run","6/30/2026 9:25:05 AM","KooshaPari","feat(api): /api/compression/budget/forecast route + 30+ tests (PR-026) (#167)","0","none","pr-025-budget-forecast","duplicate","retain-one-tip;archive-duplicates-after-review","high","identical tip shared by: pr-025-budget-forecast, rebase/pr-025-budget-forecast"
"rebase/pr-027-codex-payload-tests","https://github.com/KooshaPari/OmniRoute/tree/rebase%2Fpr-027-codex-payload-tests","21f2640295478d948908cbb653ead5e23012308f","4678","224","False","False","not-run","6/30/2026 9:25:58 AM","KooshaPari","test(executors): add 40+ unit tests for codex request payload (PR-027)","0","none","pr-027-codex-payload-tests","duplicate","retain-one-tip;archive-duplicates-after-review","high","identical tip shared by: pr-027-codex-payload-tests, rebase/pr-027-codex-payload-tests"
"rebase/pr-028-combo-helper-extract","https://github.com/KooshaPari/OmniRoute/tree/rebase%2Fpr-028-combo-helper-extract","3f21f4efed723ade77d9b39b708b4d53c903a1c5","4677","224","False","False","not-run","6/30/2026 9:26:43 AM","kooshapari","fix(typecheck): restore tsconfig.typecheck-core.json deleted by PR refactor","0","none","pr-028-combo-helper-extract","salvage","review-and-cherry-pick-to-fresh-main-branch","low","patch identity and subsystem scan incomplete"
"rebase/5887","https://github.com/KooshaPari/OmniRoute/tree/rebase%2F5887","ed17c46a25bc8cc04da596b580e9511f98b114df","0","205","True","False","tip-contained","7/2/2026 3:51:33 PM","KooshaPari","refactor(executors): extract stripVersionedToolModelPrefix leaf (PR-016) (#221)","0","none","5887","superseded","archive-after-owner-review","high",""
"rebase-144","https://github.com/KooshaPari/OmniRoute/tree/rebase-144","9e57828f566d3a5d27e22bf8ae3850c200a94bfe","4718","224","False","False","not-run","7/2/2026 12:45:23 AM","KooshaPari","feat(v30-T1): C4 fleet inventory, contract tests CI, CycloneDX SBOM gen, lock hash check, SSOT drift cron (#121)","0","none","144","duplicate","retain-one-tip;archive-duplicates-after-review","high","identical tip shared by: pr-012-user-agent-header-extraction, rebase-144"
"rebase-feat/bifrost-provider-map","https://github.com/KooshaPari/OmniRoute/tree/rebase-feat%2Fbifrost-provider-map","3d187449898e596e3c97b7105a179110bdaa2604","4663","224","False","False","not-run","6/29/2026 3:03:10 PM","Koosha Pari","feat: add Bifrost provider map for OmniRoute -> Bifrost provider ID translation","0","none","feat-bifrost-provider-map","salvage","review-and-cherry-pick-to-fresh-main-branch","low","patch identity and subsystem scan incomplete"
"rebase-upstream-pr/kill-switch-extraction","https://github.com/KooshaPari/OmniRoute/tree/rebase-upstream-pr%2Fkill-switch-extraction","431b292882d9b988f2680af846bfdb03f1ac1bdb","4663","224","False","False","not-run","6/29/2026 3:03:35 PM","Koosha Pari","feat(relay): Bifrost kill switch (auto-fallback on degradation)","0","none","upstream-pr-kill-switch-extraction","salvage","review-and-cherry-pick-to-fresh-main-branch","low","patch identity and subsystem scan incomplete"
"release/v3.8.8","https://github.com/KooshaPari/OmniRoute/tree/release%2Fv3.8.8","c4bcb71fbc5773fd8c2f1586d6466f626015f92c","3469","224","False","False","not-run","6/18/2026 1:10:33 AM","KooshaPari","refactor(omniRoute): consolidate api key CRUD coverage","0","none","release-v3-8-8","archive","retain-as-read-only-donor","medium","patch identity and subsystem scan incomplete"
"release/v3.8.37","https://github.com/KooshaPari/OmniRoute/tree/release%2Fv3.8.37","ae52cdd1c99c82c786402a1e40d4785c855f4b6a","4602","224","False","False","not-run","7/2/2026 12:01:00 AM","KooshaPari","feat(http2): PR-040 HTTP/2 connection multiplexing for providers (#130)","0","none","release-v3-8-37","archive","retain-as-read-only-donor","medium","patch identity and subsystem scan incomplete"
"release/v3.8.49","https://github.com/KooshaPari/OmniRoute/tree/release%2Fv3.8.49","c7a52125c9734d12951ad1528cbeabb8e7f5da2d","4996","224","False","False","not-run","7/14/2026 2:07:57 PM","KooshaPari","chore: establish Bun package management (#317)","0","none","release-v3-8-49","archive","retain-as-read-only-donor","medium","patch identity and subsystem scan incomplete"
"security/fix-yaml-safe-load","https://github.com/KooshaPari/OmniRoute/tree/security%2Ffix-yaml-safe-load","d101bb1d6239ea7f784175461a362ae94bd72013","2331","224","False","False","not-run","5/28/2026 1:26:50 AM","Forge","chore(OmniRoute): workflow hygiene — ubuntu-24.04, permissions","0","none","security-fix-yaml-safe-load","salvage","review-and-cherry-pick-to-fresh-main-branch","low","patch identity and subsystem scan incomplete"
"ship/router-eval-retained-gate","https://github.com/KooshaPari/OmniRoute/tree/ship%2Frouter-eval-retained-gate","af4504a436f034ee6c086f638930ecf7430e3d8a","2","195","False","False","not-run","7/2/2026 8:29:54 PM","Koosha Pari","ci(security): replace broken gitleaks action","11","ci;other;tests;tooling","router-eval-retained-gate","salvage","review-and-cherry-pick-to-fresh-main-branch","low","patch identity and subsystem scan incomplete"
"upstream-pr/antigravity-nvidia-fallback-2026-06-24","https://github.com/KooshaPari/OmniRoute/tree/upstream-pr%2Fantigravity-nvidia-fallback-2026-06-24","fe705a0c7ac2fda7976da9ccd014fc6ee31a78e1","4519","224","False","False","not-run","6/24/2026 3:13:25 AM","KooshaPari","fix: add Antigravity 'invalid argument' fallback + NVIDIA Minimax model family (#1)","0","none","antigravity-nvidia-fallback","salvage","review-and-cherry-pick-to-fresh-main-branch","low","patch identity and subsystem scan incomplete"
"upstream-pr/bifrost-docs","https://github.com/KooshaPari/OmniRoute/tree/upstream-pr%2Fbifrost-docs","44a50ba1db7c7af2ff9e40269867b66892cce500","4519","224","False","False","not-run","6/24/2026 7:09:55 PM","Koosha Pari","docs(bifrost): add operator guide, migration playbook, and ADR-031","0","none","bifrost-docs","salvage","review-and-cherry-pick-to-fresh-main-branch","low","patch identity and subsystem scan incomplete"
"upstream-pr/cherry-batch-2-2026-06-24","https://github.com/KooshaPari/OmniRoute/tree/upstream-pr%2Fcherry-batch-2-2026-06-24","74a22ce5dd4c6ee844a3dc7874fe3c400566c94d","4622","224","False","False","not-run","6/24/2026 11:09:30 PM","Diego Rodrigues de Sa e Souza","fix(ci): upstream d59cd1439 electron-release contents:write is no-op for KP fork (file deleted)","0","none","cherry-batch","salvage","review-and-cherry-pick-to-fresh-main-branch","low","patch identity and subsystem scan incomplete"
"upstream-pr/cherry-batch-3-clean-2026-06-25","https://github.com/KooshaPari/OmniRoute/tree/upstream-pr%2Fcherry-batch-3-clean-2026-06-25","6719e3cc33babf3ce82b646a20d6a6900c211d17","4621","224","False","False","not-run","6/25/2026 1:04:30 AM","Koosha Pari","feat(compression): cherry-pick Indonesian caveman rules pack (c9b5b1a89)","0","none","cherry-batch-3-clean","salvage","review-and-cherry-pick-to-fresh-main-branch","low","patch identity and subsystem scan incomplete"
"upstream-pr/cherry-batch-2026-06-24","https://github.com/KooshaPari/OmniRoute/tree/upstream-pr%2Fcherry-batch-2026-06-24","9612c578ac9a738b88ad70debb1285a38f28d7c5","4520","224","False","False","not-run","6/24/2026 7:36:11 PM","PizzaV","feat(mimocode): upstream f42e8fa75 per-account proxy is no-op for KP fork (already ahead)","0","none","cherry-batch","salvage","review-and-cherry-pick-to-fresh-main-branch","low","patch identity and subsystem scan incomplete"
"upstream-pr/chore/ts-nocheck-usage-tracking","https://github.com/KooshaPari/OmniRoute/tree/upstream-pr%2Fchore%2Fts-nocheck-usage-tracking","13b0ac44baf538bae8babd4dd2f7ee19e6c45a59","4544","224","False","False","not-run","7/4/2026 3:58:48 AM","KooshaPari","chore(open-sse): remove @ts-nocheck from usageTracking.ts (Category A)","0","none","chore-ts-nocheck-usage-tracking","salvage","review-and-cherry-pick-to-fresh-main-branch","low","patch identity and subsystem scan incomplete"
"upstream-pr/codex/cliproxy-model-mapping","https://github.com/KooshaPari/OmniRoute/tree/upstream-pr%2Fcodex%2Fcliproxy-model-mapping","f6aa6515fe6d86be9aaff0cd4cdabcb3f1fe6520","4568","224","False","False","not-run","7/2/2026 7:30:03 PM","KooshaPari","feat: apply cliproxy model mappings in proxy dispatch","0","none","cliproxy-model-mapping","duplicate","retain-one-tip;archive-duplicates-after-review","high","identical tip shared by: codex/cliproxy-model-mapping, upstream-pr/codex/cliproxy-model-mapping"
"upstream-pr/codex/model-latency-stats-api","https://github.com/KooshaPari/OmniRoute/tree/upstream-pr%2Fcodex%2Fmodel-latency-stats-api","25b0a737642bf5dd20e9cfc75cd371560da06092","4638","224","False","False","not-run","7/3/2026 6:16:54 PM","KooshaPari","feat: expose model latency stats api","0","none","model-latency-stats-api","salvage","review-and-cherry-pick-to-fresh-main-branch","low","patch identity and subsystem scan incomplete"
"upstream-pr/codex/provider-model-performance-snapshots","https://github.com/KooshaPari/OmniRoute/tree/upstream-pr%2Fcodex%2Fprovider-model-performance-snapshots","1b3509c6e6cff1336d6ad194db2d588c662477e9","4568","224","False","False","not-run","7/2/2026 8:36:58 PM","KooshaPari","feat: feed provider model performance snapshots into routing","0","none","provider-model-performance-snapshots","salvage","review-and-cherry-pick-to-fresh-main-branch","low","patch identity and subsystem scan incomplete"
"upstream-pr/codex/relay-observability-headers","https://github.com/KooshaPari/OmniRoute/tree/upstream-pr%2Fcodex%2Frelay-observability-headers","2cfe0b9c25986ca1caff4bd438dc92b35928ffa0","4638","224","False","False","not-run","7/3/2026 9:36:22 PM","KooshaPari","feat: normalize relay routing observability headers","0","none","relay-observability-headers","duplicate","retain-one-tip;archive-duplicates-after-review","high","identical tip shared by: codex/relay-observability-headers, upstream-pr/codex/relay-observability-headers"
"upstream-pr/codex/vibeproxy-provider-preset","https://github.com/KooshaPari/OmniRoute/tree/upstream-pr%2Fcodex%2Fvibeproxy-provider-preset","4243fac75d5585845d7596f26e612c34252cfe44","4638","224","False","False","not-run","7/3/2026 2:38:45 PM","KooshaPari","feat: add vibeproxy provider node preset","0","none","vibeproxy-provider-preset","duplicate","retain-one-tip;archive-duplicates-after-review","high","identical tip shared by: codex/vibeproxy-provider-preset, upstream-pr/codex/vibeproxy-provider-preset"
"upstream-pr/diego-mimocode-fix","https://github.com/KooshaPari/OmniRoute/tree/upstream-pr%2Fdiego-mimocode-fix","d0fbac47961d1ce39262d2f680435a0094e45745","4560","224","False","False","not-run","6/27/2026 11:22:03 PM","KooshaPari","test(auth): regression guards for mimocode/opencode synthetic no-auth + dedup determinism","0","none","diego-mimocode-fix","salvage","review-and-cherry-pick-to-fresh-main-branch","low","patch identity and subsystem scan incomplete"
"upstream-pr/docs/issue-router-rfcs","https://github.com/KooshaPari/OmniRoute/tree/upstream-pr%2Fdocs%2Fissue-router-rfcs","1334c35b95e15f7aa92f0057ff774147f1d1efac","4547","224","False","False","not-run","7/4/2026 1:11:29 AM","KooshaPari","docs: add RFC frontmatter","0","none","docs-issue-router-rfcs","duplicate","retain-one-tip;archive-duplicates-after-review","high","identical tip shared by: docs/issue-router-rfcs, upstream-pr/docs/issue-router-rfcs"
"upstream-pr/feat/open-sse-agent-index-6065-v2","https://github.com/KooshaPari/OmniRoute/tree/upstream-pr%2Ffeat%2Fopen-sse-agent-index-6065-v2","36b6557aa31b2cd169dfe722b81d1c08d8e678c0","4545","224","False","False","not-run","7/3/2026 10:06:31 PM","KooshaPari","fix(open-sse): resolve 6 false-positive drift findings by extending the gate's allowlists","0","none","feat-open-sse-agent-index-6065","duplicate","retain-one-tip;archive-duplicates-after-review","high","identical tip shared by: feat/open-sse-agent-index-6065-v2, upstream-pr/feat/open-sse-agent-index-6065-v2"
"upstream-pr/feat/6144-onboarding-id-redirect","https://github.com/KooshaPari/OmniRoute/tree/upstream-pr%2Ffeat%2F6144-onboarding-id-redirect","4223f9a34acbe0e7896b95ab3e2994a986f6c7d9","4544","224","False","False","not-run","7/4/2026 1:00:37 AM","KooshaPari","fix(dashboard): use connection.id (UUID) not connection.provider (category) in onboarding wizard href (issue #6144)","0","none","feat-6144-onboarding-id-redirect","salvage","review-and-cherry-pick-to-fresh-main-branch","low","patch identity and subsystem scan incomplete"
"upstream-pr/incident-response","https://github.com/KooshaPari/OmniRoute/tree/upstream-pr%2Fincident-response","57d78f893ae670e96a9f078455e3c30f728987f9","4564","224","False","False","not-run","6/23/2026 6:50:51 PM","KooshaPari","docs(ops): add canonical incident response runbook","0","none","incident-response","salvage","review-and-cherry-pick-to-fresh-main-branch","low","patch identity and subsystem scan incomplete"
"upstream-pr/kill-switch-extraction","https://github.com/KooshaPari/OmniRoute/tree/upstream-pr%2Fkill-switch-extraction","4cd7e502866c5f50841b3b028c0a7129b6b9d253","4665","224","False","False","not-run","6/29/2026 2:59:32 PM","Koosha Pari","feat(relay): Bifrost kill switch (auto-fallback on degradation)","0","none","kill-switch-extraction","salvage","review-and-cherry-pick-to-fresh-main-branch","low","patch identity and subsystem scan incomplete"
"upstream-pr/koosha/sidecar-provider-manifest-client","https://github.com/KooshaPari/OmniRoute/tree/upstream-pr%2Fkoosha%2Fsidecar-provider-manifest-client","82eedc4a4e19b6226621788c5b9e8d876d9a9481","4702","224","False","False","not-run","7/4/2026 1:34:38 AM","KooshaPari","fix(dast): guard key devices unsupported methods","0","none","sidecar-provider-manifest-client","salvage","review-and-cherry-pick-to-fresh-main-branch","low","patch identity and subsystem scan incomplete"
"upstream-pr/l1a-dispatch-2026-06-27","https://github.com/KooshaPari/OmniRoute/tree/upstream-pr%2Fl1a-dispatch-2026-06-27","b448fe9f3d7ae1144de3aab545b364eabded7257","4660","224","False","False","not-run","6/27/2026 5:48:15 PM","Koosha Pari","feat(dispatch): L1a chatCore.ts Bifrost integration + dispatcher-facing executor factory","0","none","l1a-dispatch","salvage","review-and-cherry-pick-to-fresh-main-branch","low","patch identity and subsystem scan incomplete"
"upstream-pr/log-buffer-cap-2026-06-24","https://github.com/KooshaPari/OmniRoute/tree/upstream-pr%2Flog-buffer-cap-2026-06-24","961dd78ad1b8c4fd4c2713711753eef7ea8f211b","4519","224","False","False","not-run","6/24/2026 4:14:19 AM","Forge","fix(logs): raise call log pipeline buffer cap","0","none","log-buffer-cap","salvage","review-and-cherry-pick-to-fresh-main-branch","low","patch identity and subsystem scan incomplete"
"upstream-pr/openapi-redoc","https://github.com/KooshaPari/OmniRoute/tree/upstream-pr%2Fopenapi-redoc","68dfefa3d60e6506002cd98d43dace4697d57e1c","4553","224","False","False","not-run","6/23/2026 6:29:23 AM","KooshaPari","feat(api-docs): Redoc-rendered /api/docs + consolidate OpenAPI spec to docs/openapi.yaml","0","none","openapi-redoc","salvage","review-and-cherry-pick-to-fresh-main-branch","low","patch identity and subsystem scan incomplete"
"upstream-pr/perf-budgets","https://github.com/KooshaPari/OmniRoute/tree/upstream-pr%2Fperf-budgets","abcdcc83c2f0b57255c1ab1ae0ab9ea5c4138c61","4565","224","False","False","not-run","6/23/2026 6:51:20 PM","KooshaPari","docs(perf): add per-endpoint p50/p95/p99 latency + cost budgets","0","none","perf-budgets","salvage","review-and-cherry-pick-to-fresh-main-branch","low","patch identity and subsystem scan incomplete"
"upstream-pr/pr-template","https://github.com/KooshaPari/OmniRoute/tree/upstream-pr%2Fpr-template","cadc3f10b76a51fa5800e4ae550e0f33fbed6465","4518","224","False","False","not-run","6/23/2026 1:06:18 PM","Diego Rodrigues de Sa e Souza","Release v3.8.35 (#4743)","0","none","pr-template","salvage","review-and-cherry-pick-to-fresh-main-branch","low","patch identity and subsystem scan incomplete"
"upstream-pr/refactor-apikey-providers","https://github.com/KooshaPari/OmniRoute/tree/upstream-pr%2Frefactor-apikey-providers","56eec89707a00340c5d469d701c718849e5ade30","4595","224","False","False","not-run","6/24/2026 3:05:46 AM","KooshaPari","refactor(constants): extract APIKEY_PROVIDERS (1,820 LOC) to co-located file","0","none","refactor-apikey-providers","salvage","review-and-cherry-pick-to-fresh-main-branch","low","patch identity and subsystem scan incomplete"
"upstream-pr/refactor-token-refresh","https://github.com/KooshaPari/OmniRoute/tree/upstream-pr%2Frefactor-token-refresh","041fe9d642c136882275ec8745b3d125614229c4","4595","224","False","False","not-run","6/24/2026 3:07:23 AM","KooshaPari","refactor(tokenRefresh): extract 12 per-provider refresh functions to co-located files","0","none","refactor-token-refresh","salvage","review-and-cherry-pick-to-fresh-main-branch","low","patch identity and subsystem scan incomplete"
"upstream-pr/security-sweep-2026-06-24","https://github.com/KooshaPari/OmniRoute/tree/upstream-pr%2Fsecurity-sweep-2026-06-24","df8e654fd0768de98c4ae0aed0f417b1e7999a3a","4522","224","False","False","not-run","6/24/2026 5:22:45 PM","Koosha Pari","fix(security): upstream Codex imageHelper SSRF guard 971a0467c is no-op for KP fork","0","none","security-sweep","salvage","review-and-cherry-pick-to-fresh-main-branch","low","patch identity and subsystem scan incomplete"
"upstream-pr/threat-model","https://github.com/KooshaPari/OmniRoute/tree/upstream-pr%2Fthreat-model","c8158a51cd0d358a3afc7367482458ce3fade9c7","4518","224","False","False","not-run","6/23/2026 4:26:53 PM","KooshaPari","docs(security): add canonical STRIDE-based threat model","0","none","threat-model","salvage","review-and-cherry-pick-to-fresh-main-branch","low","patch identity and subsystem scan incomplete"
"v3.8.34","https://github.com/KooshaPari/OmniRoute/tree/v3.8.34","3db40067c8a8f091e49e341ead355a5c959cd008","4520","224","False","False","not-run","6/30/2026 2:38:29 AM","KooshaPari","test(geminiHelper): add 49 unit tests for pure translation helpers (#159)","0","none","v3-8-34","archive","retain-as-read-only-donor","medium","patch identity and subsystem scan incomplete"
"wip/stash-recover-0-2026-06-26","https://github.com/KooshaPari/OmniRoute/tree/wip%2Fstash-recover-0-2026-06-26","e6880a6e2dd4bd465e3fcc66d07c4b2e2467a6cc","4622","224","False","False","not-run","6/25/2026 5:29:18 PM","Koosha Pari","WIP on main: e4d751ed1 chore(orch-v12-s4-020): dependency audit for OmniRoute (#96)","0","none","wip-stash-recover","archive","retain-as-read-only-donor","medium","patch identity and subsystem scan incomplete"
"wip/2026-06-18-omniroute-local","https://github.com/KooshaPari/OmniRoute/tree/wip%2F2026-06-18-omniroute-local","b6af70090cc54f4f33ddb15fb55f1cf86759235a","4616","224","False","False","not-run","6/18/2026 2:11:38 AM","KooshaPari","feat(router): Bifrost Tier-1 router integration (ADR-031, L5-110)","0","none","wip-2026-06-18-omniroute-local","archive","retain-as-read-only-donor","medium","patch identity and subsystem scan incomplete"
